datetime,actual,arima_forecast,error
2017-01-01 00:00:00,485.0,460.04772440094416,24.952275599055838
2017-01-01 01:00:00,477.0,441.93483278259697,35.06516721740303
2017-01-01 02:00:00,454.0,424.5935036714936,29.40649632850642
2017-01-01 03:00:00,418.0,408.6523742495968,9.34762575040321
2017-01-01 04:00:00,438.0,393.7232187005907,44.27678129940932
2017-01-01 05:00:00,453.0,379.54796826030287,73.45203173969713
2017-01-01 06:00:00,433.0,366.0255426529297,66.97445734707031
2017-01-01 07:00:00,416.0,353.11557964937987,62.88442035062013
2017-01-01 08:00:00,421.0,340.79160360467444,80.20839639532556
2017-01-01 09:00:00,424.0,329.02857236887587,94.97142763112413
2017-01-01 10:00:00,413.0,317.80154918075596,95.19845081924404
2017-01-01 11:00:00,425.0,307.08623615932413,117.91376384067587
2017-01-01 12:00:00,381.0,296.8593121381808,84.14068786181917
2017-01-01 13:00:00,466.0,287.09850587680785,178.90149412319215
2017-01-01 14:00:00,542.0,277.7825675920973,264.2174324079027
2017-01-01 15:00:00,568.0,268.89122017110935,299.10877982889065
2017-01-01 16:00:00,568.0,260.4051119790538,307.5948880209462
2017-01-01 17:00:00,543.0,252.3057735752235,290.6942264247765
2017-01-01 18:00:00,522.0,244.57557726882055,277.42442273117945
2017-01-01 19:00:00,487.0,237.19769875038986,249.80230124961014
2017-01-01 20:00:00,475.0,230.1560804966733,244.8439195033267
2017-01-01 21:00:00,459.0,223.43539683272385,235.56460316727615
2017-01-01 22:00:00,453.0,217.02102057915312,235.97897942084688
2017-01-01 23:00:00,417.0,210.89899121717656,206.10100878282344
2017-01-02 00:00:00,395.0,205.05598450421468,189.94401549578532
2017-01-02 01:00:00,420.0,199.4792834743628,220.5207165256372
2017-01-02 02:00:00,453.0,194.15675076062388,258.8432492393761
2017-01-02 03:00:00,429.0,189.07680217862736,239.92319782137264
2017-01-02 04:00:00,211.0,184.22838151432316,26.77161848567684
2017-01-02 05:00:00,116.0,179.60093646077246,-63.60093646077246
2017-01-02 06:00:00,51.0,175.18439565166258,-124.18439565166258
2017-01-02 07:00:00,38.0,170.96914674156136,-132.96914674156136
2017-01-02 08:00:00,21.0,166.94601548520362,-145.94601548520362
2017-01-02 09:00:00,16.0,163.10624577027733,-147.10624577027733
2017-01-02 10:00:00,23.0,159.44148056025202,-136.44148056025202
2017-01-02 11:00:00,18.0,155.9437437057726,-137.9437437057726
2017-01-02 12:00:00,58.0,152.60542258503176,-94.60542258503176
2017-01-02 13:00:00,176.0,149.4192515353394,26.580748464660587
2017-01-02 14:00:00,109.0,146.37829603982834,-37.37829603982834
2017-01-02 15:00:00,267.0,143.47593763487953,123.52406236512047
2017-01-02 16:00:00,260.0,140.70585950541934,119.29414049458066
2017-01-02 17:00:00,212.0,138.06203273673708,73.93796726326292
2017-01-02 18:00:00,183.0,135.53870319290107,47.46129680709893
2017-01-02 19:00:00,136.0,133.1303789932149,2.86962100678511
2017-01-02 20:00:00,137.0,130.83181855945685,6.168181440543151
2017-01-02 21:00:00,125.0,128.63801920788853,-3.638019207888533
2017-01-02 22:00:00,153.0,126.544206261203,26.455793738797
2017-01-02 23:00:00,165.0,124.54582265671621,40.45417734328379
2017-01-03 00:00:00,225.0,122.63851902818374,102.36148097181626
2017-01-03 01:00:00,275.0,120.81814423965687,154.18185576034313
2017-01-03 02:00:00,293.0,119.0807363507756,173.9192636492244
2017-01-03 03:00:00,293.0,117.42251399383463,175.57748600616537
2017-01-03 04:00:00,287.0,115.83986814385558,171.1601318561444
2017-01-03 05:00:00,305.0,114.32935426375289,190.6706457362471
2017-01-03 06:00:00,304.0,112.88768480749829,191.1123151925017
2017-01-03 07:00:00,266.0,111.51172206496719,154.4882779350328
2017-01-03 08:00:00,240.0,110.1984713328941,129.8015286671059
2017-01-03 09:00:00,237.0,108.94507439707448,128.05492560292552
2017-01-03 10:00:00,232.0,107.74880331162677,124.25119668837323
2017-01-03 11:00:00,155.0,106.60705446177627,48.39294553822373
2017-01-03 12:00:00,167.0,105.51734289723814,61.48265710276186
2017-01-03 13:00:00,170.0,104.47729692386697,65.52270307613303
2017-01-03 14:00:00,179.0,103.48465294180185,75.51534705819815
2017-01-03 15:00:00,244.0,102.53725051887217,141.46274948112784
2017-01-03 16:00:00,296.0,101.6330276885421,194.3669723114579
2017-01-03 17:00:00,295.0,100.77001646215977,194.2299835378402
2017-01-03 18:00:00,328.0,99.94633854574391,228.0536614542561
2017-01-03 19:00:00,397.0,99.1602012519857,297.8397987480143
2017-01-03 20:00:00,437.0,98.40989359856856,338.59010640143146
2017-01-03 21:00:00,464.0,97.69378258431425,366.30621741568575
2017-01-03 22:00:00,483.0,97.01030963505029,385.9896903649497
2017-01-03 23:00:00,447.0,96.3579872114635,350.6420127885365
2017-01-04 00:00:00,440.0,95.73539557155672,344.26460442844325
2017-01-04 01:00:00,463.0,95.14117968066269,367.8588203193373
2017-01-04 02:00:00,467.0,94.57404626228933,372.42595373771064
2017-01-04 03:00:00,463.0,94.03276098337845,368.96723901662153
2017-01-04 04:00:00,473.0,93.51614576785127,379.4838542321487
2017-01-04 05:00:00,488.0,93.02307623259398,394.976923767406
2017-01-04 06:00:00,500.0,92.55247924030301,407.447520759697
2017-01-04 07:00:00,392.0,92.1033305638638,299.8966694361362
2017-01-04 08:00:00,338.0,91.67465265717979,246.3253473428202
2017-01-04 09:00:00,338.0,91.26551252759987,246.73448747240013
2017-01-04 10:00:00,441.0,90.87501970531389,350.1249802946861
2017-01-04 11:00:00,333.0,90.50232430529674,242.49767569470328
2017-01-04 12:00:00,167.0,90.14661517758267,76.85338482241733
2017-01-04 13:00:00,216.0,89.80711814184444,126.19288185815556
2017-01-04 14:00:00,291.0,89.48309430243455,201.51690569756545
2017-01-04 15:00:00,325.0,89.17383844022176,235.82616155977826
2017-01-04 16:00:00,367.0,88.8786774777223,278.1213225222777
2017-01-04 17:00:00,322.0,88.59696901418589,233.4030309858141
2017-01-04 18:00:00,298.0,88.32809992744751,209.6719000725525
2017-01-04 19:00:00,304.0,88.07148503950259,215.9285149604974
2017-01-04 20:00:00,346.0,87.82656584290096,258.17343415709905
2017-01-04 21:00:00,356.0,87.59280928518764,268.4071907148124
2017-01-04 22:00:00,380.0,87.3697066087451,292.6302933912549
2017-01-04 23:00:00,328.0,87.15677224351174,240.84322775648826
2017-01-05 00:00:00,203.0,86.9535427501667,116.0464572498333
2017-01-05 01:00:00,168.0,86.75957581148111,81.24042418851889
2017-01-05 02:00:00,159.0,86.57444926964013,72.42555073035987
2017-01-05 03:00:00,168.0,86.39776020744094,81.60223979255906
2017-01-05 04:00:00,175.0,86.22912407136683,88.77087592863317
2017-01-05 05:00:00,256.0,86.06817383462864,169.93182616537138
2017-01-05 06:00:00,336.0,85.91455919835226,250.08544080164774
2017-01-05 07:00:00,284.0,85.7679458291734,198.2320541708266
2017-01-05 08:00:00,275.0,85.62801463158031,189.3719853684197
2017-01-05 09:00:00,271.0,85.49446105342095,185.50553894657907
2017-01-05 10:00:00,276.0,85.36699442306283,190.63300557693717
2017-01-05 11:00:00,267.0,85.24533731676303,181.75466268323697
2017-01-05 12:00:00,249.0,85.12922495487145,163.87077504512854
2017-01-05 13:00:00,239.0,85.01840462555325,153.98159537444675
2017-01-05 14:00:00,223.0,84.91263513477621,138.08736486522378
2017-01-05 15:00:00,206.0,84.81168628136581,121.18831371863419
2017-01-05 16:00:00,162.0,84.71533835598574,77.28466164401426
2017-01-05 17:00:00,184.0,84.62338166295324,99.37661833704676
2017-01-05 18:00:00,183.0,84.53561606384855,98.46438393615145
2017-01-05 19:00:00,191.0,84.45185054192531,106.54814945807469
2017-01-05 20:00:00,219.0,84.37190278637357,134.62809721362643
2017-01-05 21:00:00,199.0,84.29559879553092,114.70440120446908
2017-01-05 22:00:00,180.0,84.22277249817793,95.77722750182207
2017-01-05 23:00:00,184.0,84.15326539209376,99.84673460790624
2017-01-06 00:00:00,184.0,84.08692619908521,99.91307380091479
2017-01-06 01:00:00,184.0,84.0236105357386,99.9763894642614
2017-01-06 02:00:00,176.0,83.96318059917745,92.03681940082255
2017-01-06 03:00:00,159.0,83.90550486714268,75.09449513285732
2017-01-06 04:00:00,158.0,83.85045781174192,74.14954218825808
2017-01-06 05:00:00,171.0,83.7979196262453,87.2020803737547
2017-01-06 06:00:00,169.0,83.74777596433313,85.25222403566687
2017-01-06 07:00:00,177.0,83.69991769122768,93.30008230877232
2017-01-06 08:00:00,170.0,83.65424064616766,86.34575935383234
2017-01-06 09:00:00,175.0,83.6106454157084,91.3893545842916
2017-01-06 10:00:00,211.0,83.5690371173542,127.4309628826458
2017-01-06 11:00:00,216.0,83.52932519305205,132.47067480694795
2017-01-06 12:00:00,193.0,83.49142321209732,109.50857678790268
2017-01-06 13:00:00,188.0,83.4552486830223,104.5447513169777
2017-01-06 14:00:00,200.0,83.42072287405834,116.57927712594166
2017-01-06 15:00:00,214.0,83.38777064178065,130.61222935821934
2017-01-06 16:00:00,215.0,83.35632026756302,131.64367973243696
2017-01-06 17:00:00,221.0,83.32630330148638,137.67369669851362
2017-01-06 18:00:00,211.0,83.29765441336151,127.70234558663849
2017-01-06 19:00:00,217.0,83.27031125054167,133.72968874945832
2017-01-06 20:00:00,220.0,83.24421430221567,136.75578569778435
2017-01-06 21:00:00,235.0,83.219306769886,151.780693230114
2017-01-06 22:00:00,239.0,83.19553444375026,155.80446555624974
2017-01-06 23:00:00,235.0,83.17284558471663,151.82715441528336
2017-01-07 00:00:00,241.0,83.15119081179668,157.84880918820332
2017-01-07 01:00:00,239.0,83.13052299463057,155.86947700536945
2017-01-07 02:00:00,224.0,83.11079715091054,140.88920284908946
2017-01-07 03:00:00,208.0,83.09197034847953,124.90802965152047
2017-01-07 04:00:00,206.0,83.07400161189176,122.92599838810824
2017-01-07 05:00:00,200.0,83.05685183323212,116.94314816676788
2017-01-07 06:00:00,181.0,83.04048368700002,97.95951631299998
2017-01-07 07:00:00,173.0,83.02486154887262,89.97513845112738
2017-01-07 08:00:00,166.0,83.00995141817052,82.99004858182948
2017-01-07 09:00:00,154.0,82.99572084385728,71.00427915614272
2017-01-07 10:00:00,142.0,82.98213885391161,59.01786114608839
2017-01-07 11:00:00,167.0,82.96917588791852,84.03082411208148
2017-01-07 12:00:00,196.0,82.9568037327329,113.0431962672671
2017-01-07 13:00:00,184.0,82.94499546107508,101.05500453892492
2017-01-07 14:00:00,156.0,82.93372537292528,73.06627462707472
2017-01-07 15:00:00,115.0,82.922968939589,32.077031060411
2017-01-07 16:00:00,99.0,82.91270275031168,16.08729724968832
2017-01-07 17:00:00,95.0,82.90290446132659,12.097095538673415
2017-01-07 18:00:00,102.0,82.89355274722489,19.106447252775112
2017-01-07 19:00:00,96.0,82.88462725454214,13.115372745457861
2017-01-07 20:00:00,100.0,82.87610855746014,17.123891442539858
2017-01-07 21:00:00,111.0,82.86797811552779,28.13202188447221
2017-01-07 22:00:00,93.0,82.86021823330881,10.139781766691186
2017-01-07 23:00:00,78.0,82.85281202186873,-4.852812021868729
2017-01-08 00:00:00,66.0,82.845743362017,-16.845743362017004
2017-01-08 01:00:00,66.0,82.83899686922464,-16.838996869224644
2017-01-08 02:00:00,22.0,82.83255786014058,-60.83255786014058
2017-01-08 03:00:00,23.0,82.82641232063423,-59.82641232063423
2017-01-08 04:00:00,19.0,82.82054687529461,-63.82054687529461
2017-01-08 05:00:00,24.0,82.81494875831942,-58.81494875831942
2017-01-08 06:00:00,16.0,82.80960578573108,-66.80960578573108
2017-01-08 07:00:00,15.0,82.80450632885903,-67.80450632885903
2017-01-08 08:00:00,18.0,82.79963928903058,-64.79963928903058
2017-01-08 09:00:00,20.0,82.79499407341521,-62.79499407341521
2017-01-08 10:00:00,15.0,82.79056057197005,-67.79056057197005
2017-01-08 11:00:00,22.0,82.78632913543579,-60.78632913543579
2017-01-08 12:00:00,18.0,82.78229055433576,-64.78229055433576
2017-01-08 13:00:00,28.0,82.77843603893196,-54.77843603893196
2017-01-08 14:00:00,22.0,82.77475720009471,-60.77475720009471
2017-01-08 15:00:00,17.0,82.77124603104423,-65.77124603104423
2017-01-08 16:00:00,14.0,82.76789488992429,-68.76789488992429
2017-01-08 17:00:00,13.0,82.76469648317025,-69.76469648317025
2017-01-08 18:00:00,14.0,82.76164384963492,-68.76164384963492
2017-01-08 19:00:00,15.0,82.75873034543811,-67.75873034543811
2017-01-08 20:00:00,21.0,82.75594962950657,-61.755949629506574
2017-01-08 21:00:00,15.0,82.75329564977304,-67.75329564977304
2017-01-08 22:00:00,13.0,82.75076263000422,-69.75076263000422
2017-01-08 23:00:00,10.0,82.74834505722923,-72.74834505722923
2017-01-09 00:00:00,10.0,82.74603766974084,-72.74603766974084
2017-01-09 01:00:00,8.0,82.74383544564375,-74.74383544564375
2017-01-09 02:00:00,9.0,82.74173359192469,-73.74173359192469
2017-01-09 03:00:00,11.0,82.73972753402069,-71.73972753402069
2017-01-09 04:00:00,6.0,82.73781290586281,-76.73781290586281
2017-01-09 05:00:00,6.0,82.73598554037373,-76.73598554037373
2017-01-09 06:00:00,10.0,82.73424146039822,-72.73424146039822
2017-01-09 07:00:00,11.0,82.73257687004717,-71.73257687004717
2017-01-09 08:00:00,9.0,82.730988146436,-73.730988146436
2017-01-09 09:00:00,16.0,82.72947183179977,-66.72947183179977
2017-01-09 10:00:00,13.0,82.72802462596742,-69.72802462596742
2017-01-09 11:00:00,12.0,82.72664337917922,-70.72664337917922
2017-01-09 12:00:00,17.0,82.7253250852315,-65.7253250852315
2017-01-09 13:00:00,7.0,82.72406687493378,-75.72406687493378
2017-01-09 14:00:00,15.0,82.72286600986418,-67.72286600986418
2017-01-09 15:00:00,17.0,82.72171987640937,-65.72171987640937
2017-01-09 16:00:00,34.0,82.72062598007625,-48.72062598007625
2017-01-09 17:00:00,37.0,82.71958194006274,-45.71958194006274
2017-01-09 18:00:00,50.0,82.7185854840762,-32.7185854840762
2017-01-09 19:00:00,62.0,82.71763444338785,-20.71763444338785
2017-01-09 20:00:00,87.0,82.71672674811269,4.283273251887309
2017-01-09 21:00:00,114.0,82.71586042270447,31.284139577295534
2017-01-09 22:00:00,127.0,82.7150335816561,44.2849664183439
2017-01-09 23:00:00,120.0,82.71424442539589,37.28575557460411
2017-01-10 00:00:00,51.0,82.71349123637091,-31.713491236370913
2017-01-10 01:00:00,70.0,82.71277237530887,-12.712772375308873
2017-01-10 02:00:00,19.0,82.71208627765026,-63.71208627765026
2017-01-10 03:00:00,7.0,82.71143145014324,-75.71143145014324
2017-01-10 04:00:00,5.0,82.71080646759364,-77.71080646759364
2017-01-10 05:00:00,10.0,82.71020996976313,-72.71020996976313
2017-01-10 06:00:00,10.0,82.70964065840869,-72.70964065840869
2017-01-10 07:00:00,11.0,82.70909729445712,-71.70909729445712
2017-01-10 08:00:00,8.0,82.70857869530823,-74.70857869530823
2017-01-10 09:00:00,3.0,82.70808373226099,-79.70808373226099
2017-01-10 10:00:00,6.0,82.70761132805698,-76.70761132805698
2017-01-10 11:00:00,3.0,82.7071604545358,-79.7071604545358
2017-01-10 12:00:00,3.0,82.7067301303973,-79.7067301303973
2017-01-10 13:00:00,3.0,82.70631941906592,-79.70631941906592
2017-01-10 14:00:00,3.0,82.70592742665224,-79.70592742665224
2017-01-10 15:00:00,3.0,82.70555330000742,-79.70555330000742
2017-01-10 16:00:00,5.0,82.7051962248665,-77.7051962248665
2017-01-10 17:00:00,7.0,82.7048554240761,-75.7048554240761
2017-01-10 18:00:00,8.0,82.70453015590303,-74.70453015590303
2017-01-10 19:00:00,13.0,82.70421971241993,-69.70421971241993
2017-01-10 20:00:00,81.0,82.70392341796452,-1.7039234179645177
2017-01-10 21:00:00,91.0,82.70364062766909,8.296359372330912
2017-01-10 22:00:00,84.0,82.70337072605692,1.2966292739430827
2017-01-10 23:00:00,87.0,82.70311312570276,4.296886874297243
2017-01-11 00:00:00,91.0,82.70286726595437,8.297132734045633
2017-01-11 01:00:00,94.0,82.70263261171223,11.297367388287768
2017-01-11 02:00:00,97.0,82.70240865226496,14.297591347735036
2017-01-11 03:00:00,112.0,82.7021949001778,29.2978050998222
2017-01-11 04:00:00,98.0,82.7019908902317,15.298009109768302
2017-01-11 05:00:00,68.0,82.7017961784108,-14.701796178410802
2017-01-11 06:00:00,60.0,82.70161034093613,-22.701610340936128
2017-01-11 07:00:00,33.0,82.70143297334315,-49.701432973343145
2017-01-11 08:00:00,28.0,82.70126368960157,-54.701263689601575
2017-01-11 09:00:00,20.0,82.70110212127513,-62.70110212127513
2017-01-11 10:00:00,32.0,82.70094791671971,-50.70094791671971
2017-01-11 11:00:00,3.0,82.70080074031804,-79.70080074031804
2017-01-11 12:00:00,3.0,82.70066027174919,-79.70066027174919
2017-01-11 13:00:00,39.0,82.70052620529144,-43.70052620529144
2017-01-11 14:00:00,37.0,82.70039824915692,-45.70039824915692
2017-01-11 15:00:00,46.0,82.70027612485649,-36.70027612485649
2017-01-11 16:00:00,50.0,82.7001595665937,-32.7001595665937
2017-01-11 17:00:00,66.0,82.70004832068624,-16.700048320686236
2017-01-11 18:00:00,58.0,82.69994214501381,-24.699942145013807
2017-01-11 19:00:00,38.0,82.69984080849122,-44.69984080849122
2017-01-11 20:00:00,36.0,82.69974409056537,-46.699744090565375
2017-01-11 21:00:00,31.0,82.69965178073534,-51.69965178073534
2017-01-11 22:00:00,22.0,82.6995636780941,-60.699563678094094
2017-01-11 23:00:00,22.0,82.69947959089133,-60.69947959089133
2017-01-12 00:00:00,31.0,82.69939933611614,-51.699399336116144
2017-01-12 01:00:00,26.0,82.69932273909863,-56.69932273909863
2017-01-12 02:00:00,23.0,82.69924963312984,-59.69924963312984
2017-01-12 03:00:00,26.0,82.69917985909885,-56.69917985909885
2017-01-12 04:00:00,31.0,82.69911326514654,-51.699113265146536
2017-01-12 05:00:00,32.0,82.69904970633499,-50.69904970633499
2017-01-12 06:00:00,22.0,82.69898904433215,-60.69898904433215
2017-01-12 07:00:00,19.0,82.6989311471107,-63.6989311471107
2017-01-12 08:00:00,16.0,82.69887588866065,-66.69887588866065
2017-01-12 09:00:00,26.0,82.6988231487152,-56.698823148715206
2017-01-12 10:00:00,27.0,82.69877281248893,-55.698772812488926
2017-01-12 11:00:00,20.0,82.69872477042792,-62.698724770427916
2017-01-12 12:00:00,25.0,82.69867891797142,-57.69867891797142
2017-01-12 13:00:00,45.0,82.69863515532424,-37.69863515532424
2017-01-12 14:00:00,84.0,82.69859338723947,1.3014066127605304
2017-01-12 15:00:00,80.0,82.69855352281131,-2.6985535228113093
2017-01-12 16:00:00,94.0,82.69851547527715,11.301484524722852
2017-01-12 17:00:00,97.0,82.69847916182871,14.301520838171285
2017-01-12 18:00:00,93.0,82.69844450343189,10.301555496568113
2017-01-12 19:00:00,121.0,82.6984114246547,38.301588575345306
2017-01-12 20:00:00,108.0,82.69837985350306,25.301620146496944
2017-01-12 21:00:00,33.0,82.69834972126422,-49.69834972126422
2017-01-12 22:00:00,19.0,82.69832096235712,-63.698320962357116
2017-01-12 23:00:00,15.0,82.69829351418961,-67.69829351418961
2017-01-13 00:00:00,5.0,82.6982673170224,-77.6982673170224
2017-01-13 01:00:00,20.0,82.69824231383883,-62.69824231383883
2017-01-13 02:00:00,9.0,82.69821845022093,-73.69821845022093
2017-01-13 03:00:00,14.0,82.69819567423093,-68.69819567423093
2017-01-13 04:00:00,8.0,82.69817393629819,-74.69817393629819
2017-01-13 05:00:00,10.0,82.69815318911138,-72.69815318911138
2017-01-13 06:00:00,13.0,82.69813338751541,-69.69813338751541
2017-01-13 07:00:00,17.0,82.6981144884133,-65.6981144884133
2017-01-13 08:00:00,22.0,82.6980964506722,-60.698096450672196
2017-01-13 09:00:00,8.0,82.69807923503404,-74.69807923503404
2017-01-13 10:00:00,8.0,82.69806280402999,-74.69806280402999
2017-01-13 11:00:00,20.0,82.69804712189888,-62.69804712189888
2017-01-13 12:00:00,13.0,82.6980321545095,-69.6980321545095
2017-01-13 13:00:00,7.0,82.69801786928618,-75.69801786928618
2017-01-13 14:00:00,15.0,82.69800423513794,-67.69800423513794
2017-01-13 15:00:00,9.0,82.69799122239088,-73.69799122239088
2017-01-13 16:00:00,15.0,82.69797880272348,-67.69797880272348
2017-01-13 17:00:00,17.0,82.69796694910507,-65.69796694910507
2017-01-13 18:00:00,18.0,82.69795563573692,-64.69795563573692
2017-01-13 19:00:00,16.0,82.69794483799616,-66.69794483799616
2017-01-13 20:00:00,21.0,82.6979345323821,-61.69793453238211
2017-01-13 21:00:00,18.0,82.69792469646521,-64.69792469646521
2017-01-13 22:00:00,15.0,82.69791530883816,-67.69791530883816
2017-01-13 23:00:00,22.0,82.69790634906933,-60.69790634906933
2017-01-14 00:00:00,17.0,82.69789779765829,-65.69789779765829
2017-01-14 01:00:00,18.0,82.69788963599339,-64.69788963599339
2017-01-14 02:00:00,17.0,82.69788184631126,-65.69788184631126
2017-01-14 03:00:00,13.0,82.69787441165809,-69.69787441165809
2017-01-14 04:00:00,21.0,82.69786731585279,-61.69786731585279
2017-01-14 05:00:00,18.0,82.69786054345175,-64.69786054345175
2017-01-14 06:00:00,11.0,82.69785407971526,-71.69785407971526
2017-01-14 07:00:00,9.0,82.69784791057532,-73.69784791057532
2017-01-14 08:00:00,24.0,82.69784202260517,-58.69784202260517
2017-01-14 09:00:00,19.0,82.69783640299002,-63.69783640299002
2017-01-14 10:00:00,27.0,82.69783103949905,-55.69783103949905
2017-01-14 11:00:00,31.0,82.69782592045898,-51.69782592045898
2017-01-14 12:00:00,18.0,82.69782103472848,-64.69782103472848
2017-01-14 13:00:00,12.0,82.69781637167407,-70.69781637167407
2017-01-14 14:00:00,8.0,82.69781192114685,-74.69781192114685
2017-01-14 15:00:00,11.0,82.69780767346053,-71.69780767346053
2017-01-14 16:00:00,18.0,82.69780361937025,-64.69780361937025
2017-01-14 17:00:00,24.0,82.69779975005252,-58.697799750052525
2017-01-14 18:00:00,31.0,82.69779605708602,-51.69779605708602
2017-01-14 19:00:00,38.0,82.69779253243318,-44.69779253243318
2017-01-14 20:00:00,41.0,82.69778916842284,-41.697789168422844
2017-01-14 21:00:00,44.0,82.69778595773339,-38.69778595773339
2017-01-14 22:00:00,37.0,82.69778289337697,-45.69778289337697
2017-01-14 23:00:00,31.0,82.69777996868417,-51.69777996868417
2017-01-15 00:00:00,37.0,82.6977771772896,-45.697777177289595
2017-01-15 01:00:00,32.0,82.6977745131179,-50.697774513117906
2017-01-15 02:00:00,48.0,82.6977719703707,-34.697771970370695
2017-01-15 03:00:00,35.0,82.69776954351383,-47.69776954351383
2017-01-15 04:00:00,35.0,82.69776722726539,-47.69776722726539
2017-01-15 05:00:00,42.0,82.6977650165842,-40.6977650165842
2017-01-15 06:00:00,22.0,82.69776290665882,-60.697762906658824
2017-01-15 07:00:00,26.0,82.69776089289715,-56.69776089289715
2017-01-15 08:00:00,17.0,82.69775897091634,-65.69775897091634
2017-01-15 09:00:00,23.0,82.6977571365333,-59.6977571365333
2017-01-15 10:00:00,22.0,82.69775538575561,-60.69775538575561
2017-01-15 11:00:00,34.0,82.69775371477282,-48.697753714772816
2017-01-15 12:00:00,48.0,82.6977521199481,-34.697752119948106
2017-01-15 13:00:00,49.0,82.69775059781043,-33.697750597810426
2017-01-15 14:00:00,48.0,82.69774914504697,-34.69774914504697
2017-01-15 15:00:00,53.0,82.69774775849584,-29.697747758495836
2017-01-15 16:00:00,57.0,82.69774643513931,-25.697746435139308
2017-01-15 17:00:00,76.0,82.69774517209716,-6.697745172097157
2017-01-15 18:00:00,81.0,82.69774396662046,-1.6977439666204646
2017-01-15 19:00:00,76.0,82.69774281608557,-6.697742816085565
2017-01-15 20:00:00,72.0,82.6977417179884,-10.697741717988393
2017-01-15 21:00:00,72.0,82.69774066993901,-10.697740669939009
2017-01-15 22:00:00,74.0,82.69773966965637,-8.697739669656372
2017-01-15 23:00:00,85.0,82.69773871496345,2.3022612850365505
2017-01-16 00:00:00,86.0,82.69773780378239,3.3022621962176117
2017-01-16 01:00:00,92.0,82.69773693413008,9.302263065869923
2017-01-16 02:00:00,94.0,82.69773610411374,11.302263895886256
2017-01-16 03:00:00,93.0,82.69773531192693,10.302264688073066
2017-01-16 04:00:00,97.0,82.69773455584547,14.302265444154528
2017-01-16 05:00:00,97.0,82.6977338342238,14.302266165776203
2017-01-16 06:00:00,89.0,82.69773314549136,6.302266854508645
2017-01-16 07:00:00,90.0,82.69773248814914,7.302267511850857
2017-01-16 08:00:00,87.0,82.6977318607665,4.3022681392335045
2017-01-16 09:00:00,89.0,82.69773126197796,6.302268738022036
2017-01-16 10:00:00,66.0,82.69773069048031,-16.697730690480313
2017-01-16 11:00:00,60.0,82.69773014502971,-22.69773014502971
2017-01-16 12:00:00,72.0,82.697729624439,-10.697729624439006
2017-01-16 13:00:00,71.0,82.69772912757517,-11.697729127575172
2017-01-16 14:00:00,79.0,82.69772865335682,-3.697728653356819
2017-01-16 15:00:00,96.0,82.69772820075183,13.302271799248174
2017-01-16 16:00:00,116.0,82.69772776877514,33.30227223122486
2017-01-16 17:00:00,122.0,82.69772735648657,39.30227264351343
2017-01-16 18:00:00,128.0,82.6977269629888,45.302273037011204
2017-01-16 19:00:00,120.0,82.69772658742542,37.30227341257458
2017-01-16 20:00:00,125.0,82.69772622897902,42.30227377102098
2017-01-16 21:00:00,138.0,82.69772588686946,55.30227411313054
2017-01-16 22:00:00,138.0,82.69772556035218,55.30227443964782
2017-01-16 23:00:00,120.0,82.69772524871651,37.30227475128349
2017-01-17 00:00:00,127.0,82.69772495128421,44.302275048715785
2017-01-17 01:00:00,141.0,82.69772466740793,58.302275332592075
2017-01-17 02:00:00,146.0,82.69772439646982,63.30227560353018
2017-01-17 03:00:00,133.0,82.69772413788023,50.30227586211977
2017-01-17 04:00:00,141.0,82.69772389107631,58.30227610892369
2017-01-17 05:00:00,131.0,82.69772365552093,48.30227634447907
2017-01-17 06:00:00,120.0,82.69772343070143,37.30227656929857
2017-01-17 07:00:00,111.0,82.69772321612848,28.30227678387152
2017-01-17 08:00:00,138.0,82.69772301133509,55.302276988664914
2017-01-17 09:00:00,155.0,82.69772281587552,72.30227718412448
2017-01-17 10:00:00,167.0,82.69772262932439,84.30227737067561
2017-01-17 11:00:00,157.0,82.69772245127565,74.30227754872435
2017-01-17 12:00:00,158.0,82.69772228134183,75.30227771865817
2017-01-17 13:00:00,154.0,82.69772211915303,71.30227788084697
2017-01-17 14:00:00,145.0,82.69772196435629,62.30227803564371
2017-01-17 15:00:00,137.0,82.69772181661469,54.30227818338531
2017-01-17 16:00:00,123.0,82.69772167560669,40.30227832439331
2017-01-17 17:00:00,155.0,82.69772154102539,72.30227845897461
2017-01-17 18:00:00,169.0,82.69772141257786,86.30227858742214
2017-01-17 19:00:00,165.0,82.69772128998457,82.30227871001543
2017-01-17 20:00:00,167.0,82.6977211729787,84.3022788270213
2017-01-17 21:00:00,170.0,82.69772106130559,87.30227893869441
2017-01-17 22:00:00,171.0,82.69772095472217,88.30227904527783
2017-01-17 23:00:00,172.0,82.69772085299648,89.30227914700352
2017-01-18 00:00:00,73.0,82.69772075590714,-9.697720755907142
2017-01-18 01:00:00,25.0,82.69772066324282,-57.69772066324282
2017-01-18 02:00:00,66.0,82.69772057480183,-16.697720574801835
2017-01-18 03:00:00,57.0,82.69772049039172,-25.697720490391717
2017-01-18 04:00:00,44.0,82.69772040982875,-38.69772040982875
2017-01-18 05:00:00,34.0,82.69772033293758,-48.69772033293758
2017-01-18 06:00:00,33.0,82.69772025955086,-49.69772025955086
2017-01-18 07:00:00,31.0,82.69772018950889,-51.697720189508885
2017-01-18 08:00:00,25.0,82.69772012265919,-57.69772012265919
2017-01-18 09:00:00,21.0,82.69772005885629,-61.69772005885629
2017-01-18 10:00:00,22.0,82.69771999796133,-60.69771999796133
2017-01-18 11:00:00,26.0,82.69771993984178,-56.697719939841775
2017-01-18 12:00:00,22.0,82.69771988437111,-60.69771988437111
2017-01-18 13:00:00,21.0,82.69771983142864,-61.69771983142864
2017-01-18 14:00:00,20.0,82.6977197808991,-62.69771978089911
2017-01-18 15:00:00,35.0,82.69771973267255,-47.69771973267255
2017-01-18 16:00:00,49.0,82.697719686644,-33.69771968664401
2017-01-18 17:00:00,57.0,82.69771964271331,-25.69771964271331
2017-01-18 18:00:00,50.0,82.69771960078482,-32.69771960078482
2017-01-18 19:00:00,46.0,82.6977195607673,-36.6977195607673
2017-01-18 20:00:00,43.0,82.69771952257365,-39.69771952257365
2017-01-18 21:00:00,50.0,82.69771948612076,-32.69771948612076
2017-01-18 22:00:00,55.0,82.69771945132926,-27.697719451329263
2017-01-18 23:00:00,54.0,82.69771941812346,-28.697719418123455
2017-01-19 00:00:00,64.0,82.69771938643106,-18.69771938643106
2017-01-19 01:00:00,76.0,82.6977193561831,-6.6977193561831
2017-01-19 02:00:00,87.0,82.69771932731376,4.302280672686237
2017-01-19 03:00:00,96.0,82.69771929976018,13.30228070023982
2017-01-19 04:00:00,112.0,82.69771927346241,29.30228072653759
2017-01-19 05:00:00,126.0,82.69771924836321,43.302280751636786
2017-01-19 06:00:00,104.0,82.69771922440795,21.302280775592052
2017-01-19 07:00:00,109.0,82.69771920154449,26.302280798455513
2017-01-19 08:00:00,111.0,82.69771917972308,28.30228082027692
2017-01-19 09:00:00,103.0,82.69771915889622,20.30228084110378
2017-01-19 10:00:00,34.0,82.69771913901857,-48.697719139018574
2017-01-19 11:00:00,12.0,82.6977191200469,-70.6977191200469
2017-01-19 12:00:00,12.0,82.6977191019399,-70.6977191019399
2017-01-19 13:00:00,12.0,82.69771908465813,-70.69771908465813
2017-01-19 14:00:00,9.0,82.69771906816403,-73.69771906816403
2017-01-19 15:00:00,9.0,82.69771905242168,-73.69771905242168
2017-01-19 16:00:00,9.0,82.69771903739681,-73.69771903739681
2017-01-19 17:00:00,10.0,82.69771902305673,-72.69771902305673
2017-01-19 18:00:00,12.0,82.69771900937022,-70.69771900937022
2017-01-19 19:00:00,11.0,82.6977189963075,-71.6977189963075
2017-01-19 20:00:00,11.0,82.69771898384015,-71.69771898384015
2017-01-19 21:00:00,11.0,82.697718971941,-71.697718971941
2017-01-19 22:00:00,14.0,82.69771896058418,-68.69771896058418
2017-01-19 23:00:00,8.0,82.69771894974498,-74.69771894974498
2017-01-20 00:00:00,10.0,82.69771893939979,-72.69771893939979
2017-01-20 01:00:00,8.0,82.6977189295261,-74.6977189295261
2017-01-20 02:00:00,8.0,82.69771892010243,-74.69771892010243
2017-01-20 03:00:00,8.0,82.69771891110825,-74.69771891110825
2017-01-20 04:00:00,5.0,82.697718902524,-77.697718902524
2017-01-20 05:00:00,7.0,82.69771889433099,-75.69771889433099
2017-01-20 06:00:00,8.0,82.6977188865114,-74.6977188865114
2017-01-20 07:00:00,10.0,82.6977188790482,-72.6977188790482
2017-01-20 08:00:00,11.0,82.69771887192513,-71.69771887192513
2017-01-20 09:00:00,12.0,82.69771886512673,-70.69771886512673
2017-01-20 10:00:00,16.0,82.69771885863817,-66.69771885863817
2017-01-20 11:00:00,17.0,82.69771885244533,-65.69771885244533
2017-01-20 12:00:00,21.0,82.69771884653476,-61.697718846534755
2017-01-20 13:00:00,18.0,82.69771884089356,-64.69771884089356
2017-01-20 14:00:00,19.0,82.69771883550948,-63.69771883550948
2017-01-20 15:00:00,17.0,82.69771883037077,-65.69771883037077
2017-01-20 16:00:00,26.0,82.69771882546628,-56.69771882546628
2017-01-20 17:00:00,24.0,82.69771882078531,-58.69771882078531
2017-01-20 18:00:00,27.0,82.6977188163177,-55.6977188163177
2017-01-20 19:00:00,37.0,82.6977188120537,-45.697718812053694
2017-01-20 20:00:00,45.0,82.69771880798405,-37.697718807984046
2017-01-20 21:00:00,45.0,82.69771880409986,-37.697718804099864
2017-01-20 22:00:00,53.0,82.69771880039272,-29.69771880039272
2017-01-20 23:00:00,64.0,82.69771879685453,-18.69771879685453
2017-01-21 00:00:00,68.0,82.6977187934776,-14.697718793477605
2017-01-21 01:00:00,70.0,82.69771879025458,-12.697718790254584
2017-01-21 02:00:00,81.0,82.69771878717846,-1.6977187871784594
2017-01-21 03:00:00,90.0,82.69771878424253,7.302281215757475
2017-01-21 04:00:00,90.0,82.69771878144041,7.302281218559585
2017-01-21 05:00:00,69.0,82.69771877876602,-13.697718778766017
2017-01-21 06:00:00,32.0,82.6977187762135,-50.697718776213506
2017-01-21 07:00:00,11.0,82.69771877377732,-71.69771877377732
2017-01-21 08:00:00,5.0,82.69771877145219,-77.69771877145219
2017-01-21 09:00:00,6.0,82.697718769233,-76.697718769233
2017-01-21 10:00:00,7.0,82.69771876711498,-75.69771876711498
2017-01-21 11:00:00,7.0,82.69771876509348,-75.69771876509348
2017-01-21 12:00:00,11.0,82.69771876316413,-71.69771876316413
2017-01-21 13:00:00,6.0,82.6977187613227,-76.6977187613227
2017-01-21 14:00:00,5.0,82.69771875956519,-77.69771875956519
2017-01-21 15:00:00,5.0,82.6977187578878,-77.6977187578878
2017-01-21 16:00:00,9.0,82.69771875628685,-73.69771875628685
2017-01-21 17:00:00,8.0,82.69771875475887,-74.69771875475887
2017-01-21 18:00:00,12.0,82.69771875330052,-70.69771875330052
2017-01-21 19:00:00,11.0,82.69771875190865,-71.69771875190865
2017-01-21 20:00:00,13.0,82.69771875058021,-69.69771875058021
2017-01-21 21:00:00,15.0,82.69771874931232,-67.69771874931232
2017-01-21 22:00:00,10.0,82.6977187481022,-72.6977187481022
2017-01-21 23:00:00,11.0,82.69771874694726,-71.69771874694726
2017-01-22 00:00:00,9.0,82.69771874584494,-73.69771874584494
2017-01-22 01:00:00,13.0,82.69771874479287,-69.69771874479287
2017-01-22 02:00:00,14.0,82.69771874378874,-68.69771874378874
2017-01-22 03:00:00,12.0,82.69771874283039,-70.69771874283039
2017-01-22 04:00:00,14.0,82.69771874191571,-68.69771874191571
2017-01-22 05:00:00,15.0,82.6977187410427,-67.6977187410427
2017-01-22 06:00:00,14.0,82.69771874020951,-68.69771874020951
2017-01-22 07:00:00,12.0,82.69771873941428,-70.69771873941428
2017-01-22 08:00:00,11.0,82.6977187386553,-71.6977187386553
2017-01-22 09:00:00,11.0,82.6977187379309,-71.6977187379309
2017-01-22 10:00:00,16.0,82.69771873723953,-66.69771873723953
2017-01-22 11:00:00,21.0,82.69771873657966,-61.69771873657966
2017-01-22 12:00:00,16.0,82.69771873594986,-66.69771873594986
2017-01-22 13:00:00,17.0,82.69771873534877,-65.69771873534877
2017-01-22 14:00:00,18.0,82.69771873477508,-64.69771873477508
2017-01-22 15:00:00,21.0,82.69771873422754,-61.697718734227536
2017-01-22 16:00:00,29.0,82.69771873370495,-53.697718733704946
2017-01-22 17:00:00,47.0,82.69771873320617,-35.69771873320617
2017-01-22 18:00:00,65.0,82.69771873273014,-17.697718732730138
2017-01-22 19:00:00,72.0,82.6977187322758,-10.697718732275803
2017-01-22 20:00:00,46.0,82.69771873184216,-36.69771873184216
2017-01-22 21:00:00,30.0,82.6977187314283,-52.697718731428296
2017-01-22 22:00:00,31.0,82.69771873103328,-51.69771873103328
2017-01-22 23:00:00,26.0,82.69771873065628,-56.69771873065628
2017-01-23 00:00:00,24.0,82.69771873029646,-58.69771873029646
2017-01-23 01:00:00,22.0,82.69771872995302,-60.697718729953024
2017-01-23 02:00:00,20.0,82.69771872962525,-62.69771872962525
2017-01-23 03:00:00,17.0,82.69771872931243,-65.69771872931243
2017-01-23 04:00:00,15.0,82.69771872901384,-67.69771872901384
2017-01-23 05:00:00,12.0,82.69771872872889,-70.69771872872889
2017-01-23 06:00:00,11.0,82.6977187284569,-71.6977187284569
2017-01-23 07:00:00,12.0,82.69771872819732,-70.69771872819732
2017-01-23 08:00:00,12.0,82.69771872794956,-70.69771872794956
2017-01-23 09:00:00,13.0,82.69771872771311,-69.69771872771311
2017-01-23 10:00:00,17.0,82.69771872748743,-65.69771872748743
2017-01-23 11:00:00,18.0,82.69771872727203,-64.69771872727203
2017-01-23 12:00:00,16.0,82.69771872706644,-66.69771872706644
2017-01-23 13:00:00,19.0,82.69771872687024,-63.697718726870235
2017-01-23 14:00:00,21.0,82.69771872668298,-61.69771872668298
2017-01-23 15:00:00,27.0,82.69771872650423,-55.697718726504235
2017-01-23 16:00:00,39.0,82.69771872633365,-43.69771872633365
2017-01-23 17:00:00,34.0,82.69771872617085,-48.69771872617085
2017-01-23 18:00:00,39.0,82.69771872601545,-43.69771872601545
2017-01-23 19:00:00,47.0,82.69771872586715,-35.69771872586715
2017-01-23 20:00:00,68.0,82.6977187257256,-14.697718725725593
2017-01-23 21:00:00,80.0,82.69771872559049,-2.697718725590491
2017-01-23 22:00:00,84.0,82.69771872546156,1.3022812745384442
2017-01-23 23:00:00,95.0,82.69771872533849,12.30228127466151
2017-01-24 00:00:00,97.0,82.69771872522104,14.302281274778963
2017-01-24 01:00:00,95.0,82.69771872510893,12.302281274891072
2017-01-24 02:00:00,89.0,82.69771872500193,6.302281274998066
2017-01-24 03:00:00,93.0,82.69771872489983,10.30228127510017
2017-01-24 04:00:00,105.0,82.69771872480236,22.302281275197643
2017-01-24 05:00:00,100.0,82.69771872470935,17.302281275290653
2017-01-24 06:00:00,72.0,82.69771872462056,-10.697718724620557
2017-01-24 07:00:00,51.0,82.69771872453583,-31.697718724535832
2017-01-24 08:00:00,27.0,82.69771872445496,-55.69771872445496
2017-01-24 09:00:00,28.0,82.69771872437776,-54.697718724377765
2017-01-24 10:00:00,29.0,82.6977187243041,-53.697718724304096
2017-01-24 11:00:00,44.0,82.6977187242338,-38.697718724233795
2017-01-24 12:00:00,53.0,82.69771872416668,-29.697718724166677
2017-01-24 13:00:00,68.0,82.69771872410263,-14.697718724102629
2017-01-24 14:00:00,71.0,82.69771872404151,-11.697718724041508
2017-01-24 15:00:00,86.0,82.69771872398316,3.302281276016842
2017-01-24 16:00:00,109.0,82.69771872392748,26.30228127607252
2017-01-24 17:00:00,120.0,82.69771872387433,37.30228127612567
2017-01-24 18:00:00,122.0,82.69771872382361,39.30228127617639
2017-01-24 19:00:00,130.0,82.6977187237752,47.302281276224804
2017-01-24 20:00:00,134.0,82.697718723729,51.302281276271
2017-01-24 21:00:00,128.0,82.69771872368489,45.302281276315114
2017-01-24 22:00:00,120.0,82.69771872364281,37.30228127635719
2017-01-24 23:00:00,128.0,82.69771872360263,45.302281276397366
2017-01-25 00:00:00,134.0,82.6977187235643,51.30228127643571
2017-01-25 01:00:00,152.0,82.6977187235277,69.3022812764723
2017-01-25 02:00:00,169.0,82.69771872349277,86.30228127650723
2017-01-25 03:00:00,202.0,82.69771872345945,119.30228127654055
2017-01-25 04:00:00,220.0,82.69771872342763,137.3022812765724
2017-01-25 05:00:00,208.0,82.69771872339726,125.30228127660274
2017-01-25 06:00:00,191.0,82.69771872336828,108.30228127663172
2017-01-25 07:00:00,156.0,82.69771872334063,73.30228127665937
2017-01-25 08:00:00,160.0,82.69771872331422,77.30228127668578
2017-01-25 09:00:00,154.0,82.69771872328903,71.30228127671097
2017-01-25 10:00:00,164.0,82.69771872326498,81.30228127673502
2017-01-25 11:00:00,136.0,82.69771872324203,53.30228127675797
2017-01-25 12:00:00,143.0,82.69771872322012,60.30228127677988
2017-01-25 13:00:00,150.0,82.69771872319922,67.30228127680078
2017-01-25 14:00:00,150.0,82.69771872317926,67.30228127682074
2017-01-25 15:00:00,164.0,82.69771872316022,81.30228127683978
2017-01-25 16:00:00,162.0,82.69771872314205,79.30228127685795
2017-01-25 17:00:00,176.0,82.6977187231247,93.3022812768753
2017-01-25 18:00:00,200.0,82.69771872310814,117.30228127689186
2017-01-25 19:00:00,194.0,82.69771872309234,111.30228127690766
2017-01-25 20:00:00,208.0,82.69771872307726,125.30228127692274
2017-01-25 21:00:00,224.0,82.69771872306286,141.30228127693715
2017-01-25 22:00:00,236.0,82.69771872304912,153.30228127695088
2017-01-25 23:00:00,253.0,82.697718723036,170.30228127696398
2017-01-26 00:00:00,260.0,82.69771872302348,177.30228127697652
2017-01-26 01:00:00,269.0,82.69771872301155,186.30228127698845
2017-01-26 02:00:00,295.0,82.69771872300015,212.30228127699985
2017-01-26 03:00:00,321.0,82.69771872298926,238.30228127701074
2017-01-26 04:00:00,326.0,82.69771872297888,243.3022812770211
2017-01-26 05:00:00,318.0,82.69771872296897,235.30228127703103
2017-01-26 06:00:00,288.0,82.69771872295951,205.3022812770405
2017-01-26 07:00:00,246.0,82.69771872295048,163.30228127704953
2017-01-26 08:00:00,238.0,82.69771872294186,155.30228127705814
2017-01-26 09:00:00,248.0,82.69771872293363,165.30228127706636
2017-01-26 10:00:00,262.0,82.69771872292579,179.3022812770742
2017-01-26 11:00:00,270.0,82.6977187229183,187.3022812770817
2017-01-26 12:00:00,259.0,82.69771872291115,176.30228127708887
2017-01-26 13:00:00,209.0,82.69771872290433,126.30228127709567
2017-01-26 14:00:00,96.0,82.6977187228978,13.302281277102196
2017-01-26 15:00:00,51.0,82.6977187228916,-31.697718722891594
2017-01-26 16:00:00,8.0,82.69771872288565,-74.69771872288565
2017-01-26 17:00:00,7.0,82.69771872288,-75.69771872288
2017-01-26 18:00:00,10.0,82.69771872287458,-72.69771872287458
2017-01-26 19:00:00,9.0,82.69771872286942,-73.69771872286942
2017-01-26 20:00:00,11.0,82.69771872286451,-71.69771872286451
2017-01-26 21:00:00,7.0,82.6977187228598,-75.6977187228598
2017-01-26 22:00:00,4.0,82.69771872285533,-78.69771872285533
2017-01-26 23:00:00,10.0,82.69771872285105,-72.69771872285105
2017-01-27 00:00:00,11.0,82.69771872284696,-71.69771872284696
2017-01-27 01:00:00,11.0,82.69771872284306,-71.69771872284306
2017-01-27 02:00:00,13.0,82.69771872283934,-69.69771872283934
2017-01-27 03:00:00,10.0,82.69771872283579,-72.69771872283579
2017-01-27 04:00:00,6.0,82.69771872283239,-76.69771872283239
2017-01-27 05:00:00,9.0,82.69771872282917,-73.69771872282917
2017-01-27 06:00:00,11.0,82.69771872282607,-71.69771872282607
2017-01-27 07:00:00,11.0,82.69771872282313,-71.69771872282313
2017-01-27 08:00:00,11.0,82.69771872282031,-71.69771872282031
2017-01-27 09:00:00,15.0,82.69771872281763,-67.69771872281763
2017-01-27 10:00:00,24.0,82.69771872281507,-58.69771872281507
2017-01-27 11:00:00,28.0,82.69771872281262,-54.697718722812624
2017-01-27 12:00:00,37.0,82.69771872281028,-45.69771872281028
2017-01-27 13:00:00,41.0,82.69771872280806,-41.69771872280806
2017-01-27 14:00:00,45.0,82.69771872280593,-37.69771872280593
2017-01-27 15:00:00,44.0,82.6977187228039,-38.6977187228039
2017-01-27 16:00:00,53.0,82.69771872280197,-29.697718722801966
2017-01-27 17:00:00,58.0,82.69771872280012,-24.69771872280012
2017-01-27 18:00:00,61.0,82.69771872279836,-21.697718722798356
2017-01-27 19:00:00,87.0,82.69771872279667,4.302281277203335
2017-01-27 20:00:00,118.0,82.69771872279506,35.30228127720494
2017-01-27 21:00:00,179.0,82.69771872279352,96.30228127720648
2017-01-27 22:00:00,240.0,82.69771872279206,157.30228127720795
2017-01-27 23:00:00,278.0,82.69771872279067,195.30228127720932
2017-01-28 00:00:00,305.0,82.69771872278933,222.30228127721068
2017-01-28 01:00:00,576.0,82.69771872278807,493.30228127721193
2017-01-28 02:00:00,641.0,82.69771872278685,558.3022812772132
2017-01-28 03:00:00,651.0,82.69771872278568,568.3022812772143
2017-01-28 04:00:00,682.0,82.69771872278459,599.3022812772155
2017-01-28 05:00:00,713.0,82.69771872278352,630.3022812772165
2017-01-28 06:00:00,697.0,82.69771872278251,614.3022812772175
2017-01-28 07:00:00,462.0,82.69771872278156,379.3022812772184
2017-01-28 08:00:00,383.0,82.69771872278064,300.3022812772194
2017-01-28 09:00:00,374.0,82.69771872277975,291.30228127722023
2017-01-28 10:00:00,323.0,82.69771872277893,240.30228127722108
2017-01-28 11:00:00,257.0,82.69771872277812,174.30228127722188
2017-01-28 12:00:00,249.0,82.69771872277737,166.30228127722262
2017-01-28 13:00:00,244.0,82.69771872277664,161.30228127722336
2017-01-28 14:00:00,238.0,82.69771872277595,155.30228127722404
2017-01-28 15:00:00,242.0,82.69771872277528,159.30228127722472
2017-01-28 16:00:00,243.0,82.69771872277465,160.30228127722535
2017-01-28 17:00:00,247.0,82.69771872277404,164.30228127722597
2017-01-28 18:00:00,246.0,82.69771872277347,163.30228127722654
2017-01-28 19:00:00,243.0,82.69771872277292,160.30228127722708
2017-01-28 20:00:00,242.0,82.6977187227724,159.30228127722762
2017-01-28 21:00:00,258.0,82.6977187227719,175.3022812772281
2017-01-28 22:00:00,273.0,82.69771872277141,190.3022812772286
2017-01-28 23:00:00,307.0,82.69771872277096,224.30228127722904
2017-01-29 00:00:00,297.0,82.69771872277052,214.3022812772295
2017-01-29 01:00:00,292.0,82.6977187227701,209.3022812772299
2017-01-29 02:00:00,203.0,82.69771872276971,120.30228127723029
2017-01-29 03:00:00,11.0,82.69771872276934,-71.69771872276934
2017-01-29 04:00:00,3.0,82.69771872276897,-79.69771872276897
2017-01-29 05:00:00,9.0,82.69771872276863,-73.69771872276863
2017-01-29 06:00:00,9.0,82.6977187227683,-73.6977187227683
2017-01-29 07:00:00,10.0,82.69771872276799,-72.69771872276799
2017-01-29 08:00:00,10.0,82.69771872276769,-72.69771872276769
2017-01-29 09:00:00,11.0,82.6977187227674,-71.6977187227674
2017-01-29 10:00:00,10.0,82.69771872276712,-72.69771872276712
2017-01-29 11:00:00,12.0,82.69771872276687,-70.69771872276687
2017-01-29 12:00:00,7.0,82.69771872276661,-75.69771872276661
2017-01-29 13:00:00,15.0,82.69771872276638,-67.69771872276638
2017-01-29 14:00:00,15.0,82.69771872276615,-67.69771872276615
2017-01-29 15:00:00,8.0,82.69771872276594,-74.69771872276594
2017-01-29 16:00:00,13.0,82.69771872276573,-69.69771872276573
2017-01-29 17:00:00,11.0,82.69771872276553,-71.69771872276553
2017-01-29 18:00:00,11.0,82.69771872276534,-71.69771872276534
2017-01-29 19:00:00,3.0,82.69771872276516,-79.69771872276516
2017-01-29 20:00:00,8.0,82.69771872276499,-74.69771872276499
2017-01-29 21:00:00,9.0,82.69771872276483,-73.69771872276483
2017-01-29 22:00:00,7.0,82.69771872276468,-75.69771872276468
2017-01-29 23:00:00,10.0,82.69771872276452,-72.69771872276452
2017-01-30 00:00:00,8.0,82.69771872276438,-74.69771872276438
2017-01-30 01:00:00,9.0,82.69771872276425,-73.69771872276425
2017-01-30 02:00:00,7.0,82.69771872276412,-75.69771872276412
2017-01-30 03:00:00,9.0,82.697718722764,-73.697718722764
2017-01-30 04:00:00,8.0,82.69771872276388,-74.69771872276388
2017-01-30 05:00:00,5.0,82.69771872276377,-77.69771872276377
2017-01-30 06:00:00,7.0,82.69771872276365,-75.69771872276365
2017-01-30 07:00:00,9.0,82.69771872276355,-73.69771872276355
2017-01-30 08:00:00,8.0,82.69771872276345,-74.69771872276345
2017-01-30 09:00:00,6.0,82.69771872276337,-76.69771872276337
2017-01-30 10:00:00,12.0,82.69771872276327,-70.69771872276327
2017-01-30 11:00:00,4.0,82.69771872276318,-78.69771872276318
2017-01-30 12:00:00,4.0,82.69771872276311,-78.69771872276311
2017-01-30 13:00:00,3.0,82.69771872276303,-79.69771872276303
2017-01-30 14:00:00,8.0,82.69771872276296,-74.69771872276296
2017-01-30 15:00:00,9.0,82.69771872276289,-73.69771872276289
2017-01-30 16:00:00,9.0,82.69771872276281,-73.69771872276281
2017-01-30 17:00:00,35.0,82.69771872276276,-47.69771872276276
2017-01-30 18:00:00,126.0,82.69771872276269,43.30228127723731
2017-01-30 19:00:00,71.0,82.69771872276263,-11.69771872276263
2017-01-30 20:00:00,64.0,82.69771872276257,-18.697718722762573
2017-01-30 21:00:00,57.0,82.69771872276253,-25.69771872276253
2017-01-30 22:00:00,59.0,82.69771872276247,-23.697718722762474
2017-01-30 23:00:00,70.0,82.69771872276243,-12.697718722762431
2017-01-31 00:00:00,70.0,82.69771872276237,-12.697718722762374
2017-01-31 01:00:00,78.0,82.69771872276233,-4.697718722762332
2017-01-31 02:00:00,86.0,82.69771872276229,3.302281277237711
2017-01-31 03:00:00,95.0,82.69771872276225,12.302281277237753
2017-01-31 04:00:00,98.0,82.69771872276222,15.302281277237782
2017-01-31 05:00:00,104.0,82.69771872276218,21.302281277237824
2017-01-31 06:00:00,86.0,82.69771872276215,3.302281277237853
2017-01-31 07:00:00,94.0,82.6977187227621,11.302281277237896
2017-01-31 08:00:00,93.0,82.69771872276208,10.302281277237924
2017-01-31 09:00:00,100.0,82.69771872276205,17.302281277237952
2017-01-31 10:00:00,85.0,82.69771872276202,2.302281277237981
2017-01-31 11:00:00,81.0,82.69771872276199,-1.6977187227619908
2017-01-31 12:00:00,79.0,82.69771872276196,-3.6977187227619623
2017-01-31 13:00:00,68.0,82.69771872276193,-14.697718722761934
2017-01-31 14:00:00,50.0,82.69771872276192,-32.69771872276192
2017-01-31 15:00:00,55.0,82.69771872276189,-27.69771872276189
2017-01-31 16:00:00,72.0,82.69771872276186,-10.697718722761863
2017-01-31 17:00:00,80.0,82.69771872276185,-2.6977187227618487
2017-01-31 18:00:00,72.0,82.69771872276183,-10.697718722761834
2017-01-31 19:00:00,91.0,82.6977187227618,8.302281277238194
2017-01-31 20:00:00,73.0,82.69771872276179,-9.697718722761792
2017-01-31 21:00:00,24.0,82.69771872276178,-58.69771872276178
2017-01-31 22:00:00,10.0,82.69771872276175,-72.69771872276175
2017-01-31 23:00:00,3.0,82.69771872276173,-79.69771872276173
2017-02-01 00:00:00,5.0,82.69771872276172,-77.69771872276172
2017-02-01 01:00:00,5.0,82.6977187227617,-77.6977187227617
2017-02-01 02:00:00,7.0,82.69771872276169,-75.69771872276169
2017-02-01 03:00:00,6.0,82.69771872276168,-76.69771872276168
2017-02-01 04:00:00,8.0,82.69771872276168,-74.69771872276168
2017-02-01 05:00:00,8.0,82.69771872276166,-74.69771872276166
2017-02-01 06:00:00,6.0,82.69771872276165,-76.69771872276165
2017-02-01 07:00:00,5.0,82.69771872276164,-77.69771872276164
2017-02-01 08:00:00,7.0,82.69771872276162,-75.69771872276162
2017-02-01 09:00:00,9.0,82.69771872276162,-73.69771872276162
2017-02-01 10:00:00,10.0,82.6977187227616,-72.6977187227616
2017-02-01 11:00:00,6.0,82.69771872276159,-76.69771872276159
2017-02-01 12:00:00,9.0,82.69771872276159,-73.69771872276159
2017-02-01 13:00:00,15.0,82.69771872276158,-67.69771872276158
2017-02-01 14:00:00,8.0,82.69771872276158,-74.69771872276158
2017-02-01 15:00:00,10.0,82.69771872276156,-72.69771872276156
2017-02-01 16:00:00,17.0,82.69771872276156,-65.69771872276156
2017-02-01 17:00:00,20.0,82.69771872276155,-62.69771872276155
2017-02-01 18:00:00,3.0,82.69771872276155,-79.69771872276155
2017-02-01 19:00:00,44.0,82.69771872276154,-38.697718722761536
2017-02-01 20:00:00,89.0,82.69771872276154,6.302281277238464
2017-02-01 21:00:00,126.0,82.69771872276152,43.30228127723848
2017-02-01 22:00:00,129.0,82.69771872276152,46.30228127723848
2017-02-01 23:00:00,146.0,82.69771872276152,63.30228127723848
2017-02-02 00:00:00,154.0,82.69771872276151,71.30228127723849
2017-02-02 01:00:00,124.0,82.69771872276151,41.30228127723849
2017-02-02 02:00:00,133.0,82.69771872276151,50.30228127723849
2017-02-02 03:00:00,121.0,82.6977187227615,38.30228127723851
2017-02-02 04:00:00,37.0,82.6977187227615,-45.69771872276149
2017-02-02 05:00:00,34.0,82.6977187227615,-48.69771872276149
2017-02-02 06:00:00,31.0,82.6977187227615,-51.69771872276149
2017-02-02 07:00:00,38.0,82.69771872276148,-44.69771872276148
2017-02-02 08:00:00,37.0,82.69771872276148,-45.69771872276148
2017-02-02 09:00:00,42.0,82.69771872276148,-40.69771872276148
2017-02-02 10:00:00,41.0,82.69771872276148,-41.69771872276148
2017-02-02 11:00:00,51.0,82.69771872276146,-31.697718722761465
2017-02-02 12:00:00,58.0,82.69771872276146,-24.697718722761465
2017-02-02 13:00:00,61.0,82.69771872276146,-21.697718722761465
2017-02-02 14:00:00,63.0,82.69771872276146,-19.697718722761465
2017-02-02 15:00:00,70.0,82.69771872276146,-12.697718722761465
2017-02-02 16:00:00,71.0,82.69771872276145,-11.69771872276145
2017-02-02 17:00:00,72.0,82.69771872276145,-10.69771872276145
2017-02-02 18:00:00,87.0,82.69771872276145,4.302281277238549
2017-02-02 19:00:00,119.0,82.69771872276145,36.30228127723855
2017-02-02 20:00:00,132.0,82.69771872276145,49.30228127723855
2017-02-02 21:00:00,147.0,82.69771872276145,64.30228127723855
2017-02-02 22:00:00,150.0,82.69771872276145,67.30228127723855
2017-02-02 23:00:00,156.0,82.69771872276144,73.30228127723856
2017-02-03 00:00:00,148.0,82.69771872276144,65.30228127723856
2017-02-03 01:00:00,145.0,82.69771872276144,62.30228127723856
2017-02-03 02:00:00,166.0,82.69771872276144,83.30228127723856
2017-02-03 03:00:00,168.0,82.69771872276144,85.30228127723856
2017-02-03 04:00:00,140.0,82.69771872276144,57.30228127723856
2017-02-03 05:00:00,112.0,82.69771872276144,29.302281277238563
2017-02-03 06:00:00,103.0,82.69771872276144,20.302281277238563
2017-02-03 07:00:00,100.0,82.69771872276144,17.302281277238563
2017-02-03 08:00:00,102.0,82.69771872276144,19.302281277238563
2017-02-03 09:00:00,97.0,82.69771872276144,14.302281277238563
2017-02-03 10:00:00,63.0,82.69771872276142,-19.697718722761422
2017-02-03 11:00:00,66.0,82.69771872276142,-16.697718722761422
2017-02-03 12:00:00,79.0,82.69771872276142,-3.6977187227614223
2017-02-03 13:00:00,103.0,82.69771872276142,20.302281277238578
2017-02-03 14:00:00,116.0,82.69771872276142,33.30228127723858
2017-02-03 15:00:00,127.0,82.69771872276142,44.30228127723858
2017-02-03 16:00:00,156.0,82.69771872276142,73.30228127723858
2017-02-03 17:00:00,219.0,82.69771872276142,136.3022812772386
2017-02-03 18:00:00,232.0,82.69771872276142,149.3022812772386
2017-02-03 19:00:00,245.0,82.69771872276142,162.3022812772386
2017-02-03 20:00:00,251.0,82.69771872276142,168.3022812772386
2017-02-03 21:00:00,299.0,82.69771872276142,216.3022812772386
2017-02-03 22:00:00,319.0,82.69771872276142,236.3022812772386
2017-02-03 23:00:00,317.0,82.69771872276142,234.3022812772386
2017-02-04 00:00:00,321.0,82.69771872276142,238.3022812772386
2017-02-04 01:00:00,316.0,82.69771872276142,233.3022812772386
2017-02-04 02:00:00,317.0,82.69771872276142,234.3022812772386
2017-02-04 03:00:00,339.0,82.69771872276142,256.3022812772386
2017-02-04 04:00:00,351.0,82.69771872276142,268.3022812772386
2017-02-04 05:00:00,343.0,82.69771872276142,260.3022812772386
2017-02-04 06:00:00,359.0,82.69771872276142,276.3022812772386
2017-02-04 07:00:00,331.0,82.69771872276142,248.3022812772386
2017-02-04 08:00:00,311.0,82.69771872276142,228.3022812772386
2017-02-04 09:00:00,303.0,82.69771872276142,220.3022812772386
2017-02-04 10:00:00,288.0,82.69771872276141,205.3022812772386
2017-02-04 11:00:00,281.0,82.69771872276141,198.3022812772386
2017-02-04 12:00:00,300.0,82.69771872276141,217.3022812772386
2017-02-04 13:00:00,284.0,82.69771872276141,201.3022812772386
2017-02-04 14:00:00,251.0,82.69771872276141,168.3022812772386
2017-02-04 15:00:00,213.0,82.69771872276141,130.3022812772386
2017-02-04 16:00:00,258.0,82.69771872276141,175.3022812772386
2017-02-04 17:00:00,348.0,82.69771872276141,265.3022812772386
2017-02-04 18:00:00,327.0,82.69771872276141,244.3022812772386
2017-02-04 19:00:00,279.0,82.69771872276141,196.3022812772386
2017-02-04 20:00:00,82.0,82.69771872276141,-0.6977187227614081
2017-02-04 21:00:00,25.0,82.69771872276141,-57.69771872276141
2017-02-04 22:00:00,9.0,82.69771872276141,-73.69771872276141
2017-02-04 23:00:00,8.0,82.69771872276141,-74.69771872276141
2017-02-05 00:00:00,10.0,82.69771872276141,-72.69771872276141
2017-02-05 01:00:00,11.0,82.69771872276141,-71.69771872276141
2017-02-05 02:00:00,17.0,82.69771872276141,-65.69771872276141
2017-02-05 03:00:00,17.0,82.69771872276141,-65.69771872276141
2017-02-05 04:00:00,19.0,82.69771872276141,-63.69771872276141
2017-02-05 05:00:00,20.0,82.69771872276141,-62.69771872276141
2017-02-05 06:00:00,18.0,82.69771872276141,-64.69771872276141
2017-02-05 07:00:00,15.0,82.69771872276141,-67.69771872276141
2017-02-05 08:00:00,10.0,82.69771872276141,-72.69771872276141
2017-02-05 09:00:00,8.0,82.69771872276141,-74.69771872276141
2017-02-05 10:00:00,7.0,82.69771872276141,-75.69771872276141
2017-02-05 11:00:00,10.0,82.69771872276141,-72.69771872276141
2017-02-05 12:00:00,8.0,82.69771872276141,-74.69771872276141
2017-02-05 13:00:00,9.0,82.69771872276141,-73.69771872276141
2017-02-05 14:00:00,9.0,82.69771872276141,-73.69771872276141
2017-02-05 15:00:00,9.0,82.69771872276141,-73.69771872276141
2017-02-05 16:00:00,18.0,82.69771872276141,-64.69771872276141
2017-02-05 17:00:00,18.0,82.69771872276141,-64.69771872276141
2017-02-05 18:00:00,10.0,82.69771872276141,-72.69771872276141
2017-02-05 19:00:00,7.0,82.69771872276141,-75.69771872276141
2017-02-05 20:00:00,7.0,82.69771872276141,-75.69771872276141
2017-02-05 21:00:00,9.0,82.69771872276141,-73.69771872276141
2017-02-05 22:00:00,8.0,82.69771872276141,-74.69771872276141
2017-02-05 23:00:00,11.0,82.69771872276141,-71.69771872276141
2017-02-06 00:00:00,8.0,82.69771872276141,-74.69771872276141
2017-02-06 01:00:00,10.0,82.69771872276141,-72.69771872276141
2017-02-06 02:00:00,9.0,82.69771872276141,-73.69771872276141
2017-02-06 03:00:00,6.0,82.69771872276141,-76.69771872276141
2017-02-06 04:00:00,5.0,82.69771872276141,-77.69771872276141
2017-02-06 05:00:00,7.0,82.69771872276141,-75.69771872276141
2017-02-06 06:00:00,3.0,82.69771872276141,-79.69771872276141
2017-02-06 07:00:00,6.0,82.69771872276141,-76.69771872276141
2017-02-06 08:00:00,5.0,82.69771872276141,-77.69771872276141
2017-02-06 09:00:00,7.0,82.69771872276141,-75.69771872276141
2017-02-06 10:00:00,6.0,82.69771872276141,-76.69771872276141
2017-02-06 11:00:00,7.0,82.69771872276141,-75.69771872276141
2017-02-06 12:00:00,5.0,82.69771872276141,-77.69771872276141
2017-02-06 13:00:00,3.0,82.69771872276141,-79.69771872276141
2017-02-06 14:00:00,3.0,82.69771872276141,-79.69771872276141
2017-02-06 15:00:00,4.0,82.69771872276141,-78.69771872276141
2017-02-06 16:00:00,6.0,82.69771872276141,-76.69771872276141
2017-02-06 17:00:00,13.0,82.69771872276141,-69.69771872276141
2017-02-06 18:00:00,7.0,82.69771872276141,-75.69771872276141
2017-02-06 19:00:00,21.0,82.69771872276141,-61.69771872276141
2017-02-06 20:00:00,26.0,82.69771872276141,-56.69771872276141
2017-02-06 21:00:00,30.0,82.69771872276141,-52.69771872276141
2017-02-06 22:00:00,38.0,82.69771872276141,-44.69771872276141
2017-02-06 23:00:00,35.0,82.69771872276141,-47.69771872276141
2017-02-07 00:00:00,40.0,82.69771872276141,-42.69771872276141
2017-02-07 01:00:00,56.0,82.69771872276141,-26.697718722761408
2017-02-07 02:00:00,68.0,82.69771872276141,-14.697718722761408
2017-02-07 03:00:00,70.0,82.69771872276141,-12.697718722761408
2017-02-07 04:00:00,67.0,82.69771872276141,-15.697718722761408
2017-02-07 05:00:00,66.0,82.69771872276141,-16.697718722761408
2017-02-07 06:00:00,70.0,82.69771872276141,-12.697718722761408
2017-02-07 07:00:00,69.0,82.69771872276141,-13.697718722761408
2017-02-07 08:00:00,76.0,82.69771872276141,-6.697718722761408
2017-02-07 09:00:00,78.0,82.69771872276141,-4.697718722761408
2017-02-07 10:00:00,90.0,82.69771872276141,7.302281277238592
2017-02-07 11:00:00,73.0,82.69771872276141,-9.697718722761408
2017-02-07 12:00:00,40.0,82.69771872276141,-42.69771872276141
2017-02-07 13:00:00,38.0,82.69771872276141,-44.69771872276141
2017-02-07 14:00:00,45.0,82.69771872276141,-37.69771872276141
2017-02-07 15:00:00,59.0,82.69771872276141,-23.697718722761408
2017-02-07 16:00:00,88.0,82.69771872276141,5.302281277238592
2017-02-07 17:00:00,101.0,82.69771872276141,18.302281277238592
2017-02-07 18:00:00,110.0,82.69771872276141,27.302281277238592
2017-02-07 19:00:00,110.0,82.69771872276141,27.302281277238592
2017-02-07 20:00:00,118.0,82.69771872276141,35.30228127723859
2017-02-07 21:00:00,107.0,82.69771872276141,24.302281277238592
2017-02-07 22:00:00,106.0,82.69771872276141,23.302281277238592
2017-02-07 23:00:00,114.0,82.69771872276141,31.302281277238592
2017-02-08 00:00:00,113.0,82.69771872276141,30.302281277238592
2017-02-08 01:00:00,117.0,82.69771872276141,34.30228127723859
2017-02-08 02:00:00,118.0,82.69771872276141,35.30228127723859
2017-02-08 03:00:00,118.0,82.69771872276141,35.30228127723859
2017-02-08 04:00:00,111.0,82.69771872276141,28.302281277238592
2017-02-08 05:00:00,102.0,82.69771872276141,19.302281277238592
2017-02-08 06:00:00,63.0,82.69771872276141,-19.697718722761408
2017-02-08 07:00:00,10.0,82.69771872276141,-72.69771872276141
2017-02-08 08:00:00,8.0,82.69771872276141,-74.69771872276141
2017-02-08 09:00:00,9.0,82.69771872276141,-73.69771872276141
2017-02-08 10:00:00,12.0,82.69771872276141,-70.69771872276141
2017-02-08 11:00:00,10.0,82.69771872276141,-72.69771872276141
2017-02-08 12:00:00,7.0,82.69771872276141,-75.69771872276141
2017-02-08 13:00:00,14.0,82.69771872276141,-68.69771872276141
2017-02-08 14:00:00,12.0,82.69771872276141,-70.69771872276141
2017-02-08 15:00:00,7.0,82.69771872276141,-75.69771872276141
2017-02-08 16:00:00,14.0,82.69771872276141,-68.69771872276141
2017-02-08 17:00:00,11.0,82.69771872276141,-71.69771872276141
2017-02-08 18:00:00,6.0,82.69771872276141,-76.69771872276141
2017-02-08 19:00:00,8.0,82.69771872276141,-74.69771872276141
2017-02-08 20:00:00,9.0,82.69771872276141,-73.69771872276141
2017-02-08 21:00:00,6.0,82.69771872276141,-76.69771872276141
2017-02-08 22:00:00,9.0,82.69771872276141,-73.69771872276141
2017-02-08 23:00:00,8.0,82.69771872276141,-74.69771872276141
2017-02-09 00:00:00,10.0,82.69771872276141,-72.69771872276141
2017-02-09 01:00:00,6.0,82.69771872276141,-76.69771872276141
2017-02-09 02:00:00,9.0,82.69771872276141,-73.69771872276141
2017-02-09 03:00:00,9.0,82.69771872276141,-73.69771872276141
2017-02-09 04:00:00,8.0,82.69771872276141,-74.69771872276141
2017-02-09 05:00:00,6.0,82.69771872276141,-76.69771872276141
2017-02-09 06:00:00,4.0,82.69771872276141,-78.69771872276141
2017-02-09 07:00:00,7.0,82.69771872276141,-75.69771872276141
2017-02-09 08:00:00,6.0,82.69771872276141,-76.69771872276141
2017-02-09 09:00:00,7.0,82.69771872276141,-75.69771872276141
2017-02-09 10:00:00,6.0,82.69771872276141,-76.69771872276141
2017-02-09 11:00:00,4.0,82.69771872276141,-78.69771872276141
2017-02-09 12:00:00,8.0,82.69771872276141,-74.69771872276141
2017-02-09 13:00:00,7.0,82.69771872276141,-75.69771872276141
2017-02-09 14:00:00,11.0,82.69771872276141,-71.69771872276141
2017-02-09 15:00:00,11.0,82.69771872276141,-71.69771872276141
2017-02-09 16:00:00,8.0,82.69771872276141,-74.69771872276141
2017-02-09 17:00:00,4.0,82.69771872276141,-78.69771872276141
2017-02-09 18:00:00,3.0,82.69771872276141,-79.69771872276141
2017-02-09 19:00:00,7.0,82.69771872276141,-75.69771872276141
2017-02-09 20:00:00,7.0,82.69771872276141,-75.69771872276141
2017-02-09 21:00:00,8.0,82.69771872276141,-74.69771872276141
2017-02-09 22:00:00,8.0,82.69771872276141,-74.69771872276141
2017-02-09 23:00:00,6.0,82.69771872276141,-76.69771872276141
2017-02-10 00:00:00,5.0,82.69771872276141,-77.69771872276141
2017-02-10 01:00:00,8.0,82.69771872276141,-74.69771872276141
2017-02-10 02:00:00,4.0,82.69771872276141,-78.69771872276141
2017-02-10 03:00:00,8.0,82.69771872276141,-74.69771872276141
2017-02-10 04:00:00,4.0,82.69771872276141,-78.69771872276141
2017-02-10 05:00:00,5.0,82.69771872276141,-77.69771872276141
2017-02-10 06:00:00,3.0,82.69771872276141,-79.69771872276141
2017-02-10 07:00:00,7.0,82.69771872276141,-75.69771872276141
2017-02-10 08:00:00,6.0,82.69771872276141,-76.69771872276141
2017-02-10 09:00:00,7.0,82.69771872276141,-75.69771872276141
2017-02-10 10:00:00,10.0,82.69771872276141,-72.69771872276141
2017-02-10 11:00:00,9.0,82.69771872276141,-73.69771872276141
2017-02-10 12:00:00,5.0,82.69771872276141,-77.69771872276141
2017-02-10 13:00:00,9.0,82.69771872276141,-73.69771872276141
2017-02-10 14:00:00,7.0,82.69771872276141,-75.69771872276141
2017-02-10 15:00:00,6.0,82.69771872276141,-76.69771872276141
2017-02-10 16:00:00,9.0,82.69771872276141,-73.69771872276141
2017-02-10 17:00:00,6.0,82.69771872276141,-76.69771872276141
2017-02-10 18:00:00,8.0,82.69771872276141,-74.69771872276141
2017-02-10 19:00:00,6.0,82.69771872276141,-76.69771872276141
2017-02-10 20:00:00,9.0,82.69771872276141,-73.69771872276141
2017-02-10 21:00:00,7.0,82.69771872276141,-75.69771872276141
2017-02-10 22:00:00,8.0,82.69771872276141,-74.69771872276141
2017-02-10 23:00:00,13.0,82.69771872276141,-69.69771872276141
2017-02-11 00:00:00,9.0,82.69771872276141,-73.69771872276141
2017-02-11 01:00:00,12.0,82.69771872276141,-70.69771872276141
2017-02-11 02:00:00,11.0,82.69771872276141,-71.69771872276141
2017-02-11 03:00:00,11.0,82.69771872276141,-71.69771872276141
2017-02-11 04:00:00,19.0,82.69771872276141,-63.69771872276141
2017-02-11 05:00:00,18.0,82.69771872276141,-64.69771872276141
2017-02-11 06:00:00,15.0,82.69771872276141,-67.69771872276141
2017-02-11 07:00:00,11.0,82.69771872276141,-71.69771872276141
2017-02-11 08:00:00,13.0,82.69771872276141,-69.69771872276141
2017-02-11 09:00:00,22.0,82.69771872276141,-60.69771872276141
2017-02-11 10:00:00,19.0,82.69771872276141,-63.69771872276141
2017-02-11 11:00:00,17.0,82.69771872276141,-65.69771872276141
2017-02-11 12:00:00,14.0,82.69771872276141,-68.69771872276141
2017-02-11 13:00:00,10.0,82.69771872276141,-72.69771872276141
2017-02-11 14:00:00,3.0,82.69771872276141,-79.69771872276141
2017-02-11 15:00:00,14.0,82.69771872276141,-68.69771872276141
2017-02-11 16:00:00,13.0,82.69771872276141,-69.69771872276141
2017-02-11 17:00:00,30.0,82.69771872276141,-52.69771872276141
2017-02-11 18:00:00,49.0,82.69771872276141,-33.69771872276141
2017-02-11 19:00:00,56.0,82.69771872276141,-26.697718722761408
2017-02-11 20:00:00,90.0,82.69771872276141,7.302281277238592
2017-02-11 21:00:00,139.0,82.69771872276141,56.30228127723859
2017-02-11 22:00:00,185.0,82.69771872276141,102.30228127723859
2017-02-11 23:00:00,237.0,82.69771872276141,154.3022812772386
2017-02-12 00:00:00,220.0,82.69771872276141,137.3022812772386
2017-02-12 01:00:00,214.0,82.69771872276141,131.3022812772386
2017-02-12 02:00:00,113.0,82.69771872276141,30.302281277238592
2017-02-12 03:00:00,101.0,82.69771872276141,18.302281277238592
2017-02-12 04:00:00,46.0,82.69771872276141,-36.69771872276141
2017-02-12 05:00:00,31.0,82.69771872276141,-51.69771872276141
2017-02-12 06:00:00,30.0,82.69771872276141,-52.69771872276141
2017-02-12 07:00:00,44.0,82.69771872276141,-38.69771872276141
2017-02-12 08:00:00,60.0,82.69771872276141,-22.697718722761408
2017-02-12 09:00:00,69.0,82.69771872276141,-13.697718722761408
2017-02-12 10:00:00,93.0,82.69771872276141,10.302281277238592
2017-02-12 11:00:00,126.0,82.69771872276141,43.30228127723859
2017-02-12 12:00:00,118.0,82.69771872276141,35.30228127723859
2017-02-12 13:00:00,116.0,82.69771872276141,33.30228127723859
2017-02-12 14:00:00,114.0,82.69771872276141,31.302281277238592
2017-02-12 15:00:00,98.0,82.69771872276141,15.302281277238592
2017-02-12 16:00:00,109.0,82.69771872276141,26.302281277238592
2017-02-12 17:00:00,97.0,82.69771872276141,14.302281277238592
2017-02-12 18:00:00,107.0,82.69771872276141,24.302281277238592
2017-02-12 19:00:00,113.0,82.69771872276141,30.302281277238592
2017-02-12 20:00:00,102.0,82.69771872276141,19.302281277238592
2017-02-12 21:00:00,122.0,82.69771872276141,39.30228127723859
2017-02-12 22:00:00,129.0,82.69771872276141,46.30228127723859
2017-02-12 23:00:00,135.0,82.69771872276141,52.30228127723859
2017-02-13 00:00:00,151.0,82.69771872276141,68.30228127723859
2017-02-13 01:00:00,191.0,82.69771872276141,108.30228127723859
2017-02-13 02:00:00,198.0,82.69771872276141,115.30228127723859
2017-02-13 03:00:00,198.0,82.69771872276141,115.30228127723859
2017-02-13 04:00:00,178.0,82.69771872276141,95.30228127723859
2017-02-13 05:00:00,131.0,82.69771872276141,48.30228127723859
2017-02-13 06:00:00,134.0,82.69771872276141,51.30228127723859
2017-02-13 07:00:00,119.0,82.69771872276141,36.30228127723859
2017-02-13 08:00:00,73.0,82.69771872276141,-9.697718722761408
2017-02-13 09:00:00,72.0,82.69771872276141,-10.697718722761408
2017-02-13 10:00:00,65.0,82.69771872276141,-17.697718722761408
2017-02-13 11:00:00,45.0,82.69771872276141,-37.69771872276141
2017-02-13 12:00:00,29.0,82.69771872276141,-53.69771872276141
2017-02-13 13:00:00,15.0,82.69771872276141,-67.69771872276141
2017-02-13 14:00:00,14.0,82.69771872276141,-68.69771872276141
2017-02-13 15:00:00,16.0,82.69771872276141,-66.69771872276141
2017-02-13 16:00:00,18.0,82.69771872276141,-64.69771872276141
2017-02-13 17:00:00,21.0,82.69771872276141,-61.69771872276141
2017-02-13 18:00:00,24.0,82.69771872276141,-58.69771872276141
2017-02-13 19:00:00,24.0,82.69771872276141,-58.69771872276141
2017-02-13 20:00:00,89.0,82.69771872276141,6.302281277238592
2017-02-13 21:00:00,101.0,82.69771872276141,18.302281277238592
2017-02-13 22:00:00,144.0,82.69771872276141,61.30228127723859
2017-02-13 23:00:00,180.0,82.69771872276141,97.30228127723859
2017-02-14 00:00:00,159.0,82.69771872276141,76.30228127723859
2017-02-14 01:00:00,137.0,82.69771872276141,54.30228127723859
2017-02-14 02:00:00,144.0,82.69771872276141,61.30228127723859
2017-02-14 03:00:00,149.0,82.69771872276141,66.30228127723859
2017-02-14 04:00:00,148.0,82.69771872276141,65.30228127723859
2017-02-14 05:00:00,148.0,82.69771872276141,65.30228127723859
2017-02-14 06:00:00,139.0,82.69771872276141,56.30228127723859
2017-02-14 07:00:00,151.0,82.69771872276141,68.30228127723859
2017-02-14 08:00:00,148.0,82.69771872276141,65.30228127723859
2017-02-14 09:00:00,140.0,82.69771872276141,57.30228127723859
2017-02-14 10:00:00,149.0,82.69771872276141,66.30228127723859
2017-02-14 11:00:00,170.0,82.69771872276141,87.30228127723859
2017-02-14 12:00:00,196.0,82.69771872276141,113.30228127723859
2017-02-14 13:00:00,198.0,82.69771872276141,115.30228127723859
2017-02-14 14:00:00,215.0,82.69771872276141,132.3022812772386
2017-02-14 15:00:00,213.0,82.69771872276141,130.3022812772386
2017-02-14 16:00:00,214.0,82.69771872276141,131.3022812772386
2017-02-14 17:00:00,210.0,82.69771872276141,127.30228127723859
2017-02-14 18:00:00,205.0,82.69771872276141,122.30228127723859
2017-02-14 19:00:00,210.0,82.69771872276141,127.30228127723859
2017-02-14 20:00:00,211.0,82.69771872276141,128.3022812772386
2017-02-14 21:00:00,227.0,82.69771872276141,144.3022812772386
2017-02-14 22:00:00,247.0,82.69771872276141,164.3022812772386
2017-02-14 23:00:00,260.0,82.69771872276141,177.3022812772386
2017-02-15 00:00:00,277.0,82.69771872276141,194.3022812772386
2017-02-15 01:00:00,261.0,82.69771872276141,178.3022812772386
2017-02-15 02:00:00,244.0,82.69771872276141,161.3022812772386
2017-02-15 03:00:00,236.0,82.69771872276141,153.3022812772386
2017-02-15 04:00:00,225.0,82.69771872276141,142.3022812772386
2017-02-15 05:00:00,240.0,82.69771872276141,157.3022812772386
2017-02-15 06:00:00,241.0,82.69771872276141,158.3022812772386
2017-02-15 07:00:00,230.0,82.69771872276141,147.3022812772386
2017-02-15 08:00:00,232.0,82.69771872276141,149.3022812772386
2017-02-15 09:00:00,234.0,82.69771872276141,151.3022812772386
2017-02-15 10:00:00,245.0,82.69771872276141,162.3022812772386
2017-02-15 11:00:00,249.0,82.69771872276141,166.3022812772386
2017-02-15 12:00:00,265.0,82.69771872276141,182.3022812772386
2017-02-15 13:00:00,229.0,82.69771872276141,146.3022812772386
2017-02-15 14:00:00,3.0,82.69771872276141,-79.69771872276141
2017-02-15 15:00:00,3.0,82.69771872276141,-79.69771872276141
2017-02-15 16:00:00,173.0,82.69771872276141,90.30228127723859
2017-02-15 17:00:00,253.0,82.69771872276141,170.3022812772386
2017-02-15 18:00:00,269.0,82.69771872276141,186.3022812772386
2017-02-15 19:00:00,275.0,82.69771872276141,192.3022812772386
2017-02-15 20:00:00,285.0,82.69771872276141,202.3022812772386
2017-02-15 21:00:00,255.0,82.69771872276141,172.3022812772386
2017-02-15 22:00:00,263.0,82.69771872276141,180.3022812772386
2017-02-15 23:00:00,276.0,82.69771872276141,193.3022812772386
2017-02-16 00:00:00,295.0,82.69771872276141,212.3022812772386
2017-02-16 01:00:00,299.0,82.69771872276141,216.3022812772386
2017-02-16 02:00:00,285.0,82.69771872276141,202.3022812772386
2017-02-16 03:00:00,277.0,82.69771872276141,194.3022812772386
2017-02-16 04:00:00,284.0,82.69771872276141,201.3022812772386
2017-02-16 05:00:00,275.0,82.69771872276141,192.3022812772386
2017-02-16 06:00:00,270.0,82.69771872276141,187.3022812772386
2017-02-16 07:00:00,270.0,82.69771872276141,187.3022812772386
2017-02-16 08:00:00,236.0,82.69771872276141,153.3022812772386
2017-02-16 09:00:00,185.0,82.69771872276141,102.30228127723859
2017-02-16 10:00:00,82.0,82.69771872276141,-0.6977187227614081
2017-02-16 11:00:00,41.0,82.69771872276141,-41.69771872276141
2017-02-16 12:00:00,14.0,82.69771872276141,-68.69771872276141
2017-02-16 13:00:00,15.0,82.69771872276141,-67.69771872276141
2017-02-16 14:00:00,11.0,82.69771872276141,-71.69771872276141
2017-02-16 15:00:00,4.0,82.69771872276141,-78.69771872276141
2017-02-16 16:00:00,10.0,82.69771872276141,-72.69771872276141
2017-02-16 17:00:00,14.0,82.69771872276141,-68.69771872276141
2017-02-16 18:00:00,9.0,82.69771872276141,-73.69771872276141
2017-02-16 19:00:00,9.0,82.69771872276141,-73.69771872276141
2017-02-16 20:00:00,11.0,82.69771872276141,-71.69771872276141
2017-02-16 21:00:00,8.0,82.69771872276141,-74.69771872276141
2017-02-16 22:00:00,8.0,82.69771872276141,-74.69771872276141
2017-02-16 23:00:00,5.0,82.69771872276141,-77.69771872276141
2017-02-17 00:00:00,6.0,82.69771872276141,-76.69771872276141
2017-02-17 01:00:00,6.0,82.69771872276141,-76.69771872276141
2017-02-17 02:00:00,5.0,82.69771872276141,-77.69771872276141
2017-02-17 03:00:00,7.0,82.69771872276141,-75.69771872276141
2017-02-17 04:00:00,10.0,82.69771872276141,-72.69771872276141
2017-02-17 05:00:00,9.0,82.69771872276141,-73.69771872276141
2017-02-17 06:00:00,10.0,82.69771872276141,-72.69771872276141
2017-02-17 07:00:00,9.0,82.69771872276141,-73.69771872276141
2017-02-17 08:00:00,9.0,82.69771872276141,-73.69771872276141
2017-02-17 09:00:00,9.0,82.69771872276141,-73.69771872276141
2017-02-17 10:00:00,8.0,82.69771872276141,-74.69771872276141
2017-02-17 11:00:00,6.0,82.69771872276141,-76.69771872276141
2017-02-17 12:00:00,8.0,82.69771872276141,-74.69771872276141
2017-02-17 13:00:00,8.0,82.69771872276141,-74.69771872276141
2017-02-17 14:00:00,6.0,82.69771872276141,-76.69771872276141
2017-02-17 15:00:00,7.0,82.69771872276141,-75.69771872276141
2017-02-17 16:00:00,9.0,82.69771872276141,-73.69771872276141
2017-02-17 17:00:00,27.0,82.69771872276141,-55.69771872276141
2017-02-17 18:00:00,49.0,82.69771872276141,-33.69771872276141
2017-02-17 19:00:00,64.0,82.69771872276141,-18.697718722761408
2017-02-17 20:00:00,57.0,82.69771872276141,-25.697718722761408
2017-02-17 21:00:00,53.0,82.69771872276141,-29.697718722761408
2017-02-17 22:00:00,52.0,82.69771872276141,-30.697718722761408
2017-02-17 23:00:00,50.0,82.69771872276141,-32.69771872276141
2017-02-18 00:00:00,56.0,82.69771872276141,-26.697718722761408
2017-02-18 01:00:00,67.0,82.69771872276141,-15.697718722761408
2017-02-18 02:00:00,71.0,82.69771872276141,-11.697718722761408
2017-02-18 03:00:00,87.0,82.69771872276141,4.302281277238592
2017-02-18 04:00:00,80.0,82.69771872276141,-2.697718722761408
2017-02-18 05:00:00,74.0,82.69771872276141,-8.697718722761408
2017-02-18 06:00:00,74.0,82.69771872276141,-8.697718722761408
2017-02-18 07:00:00,71.0,82.69771872276141,-11.697718722761408
2017-02-18 08:00:00,70.0,82.69771872276141,-12.697718722761408
2017-02-18 09:00:00,79.0,82.69771872276141,-3.697718722761408
2017-02-18 10:00:00,75.0,82.69771872276141,-7.697718722761408
2017-02-18 11:00:00,89.0,82.69771872276141,6.302281277238592
2017-02-18 12:00:00,94.0,82.69771872276141,11.302281277238592
2017-02-18 13:00:00,91.0,82.69771872276141,8.302281277238592
2017-02-18 14:00:00,87.0,82.69771872276141,4.302281277238592
2017-02-18 15:00:00,87.0,82.69771872276141,4.302281277238592
2017-02-18 16:00:00,92.0,82.69771872276141,9.302281277238592
2017-02-18 17:00:00,75.0,82.69771872276141,-7.697718722761408
2017-02-18 18:00:00,62.0,82.69771872276141,-20.697718722761408
2017-02-18 19:00:00,75.0,82.69771872276141,-7.697718722761408
2017-02-18 20:00:00,90.0,82.69771872276141,7.302281277238592
2017-02-18 21:00:00,103.0,82.69771872276141,20.302281277238592
2017-02-18 22:00:00,108.0,82.69771872276141,25.302281277238592
2017-02-18 23:00:00,123.0,82.69771872276141,40.30228127723859
2017-02-19 00:00:00,129.0,82.69771872276141,46.30228127723859
2017-02-19 01:00:00,134.0,82.69771872276141,51.30228127723859
2017-02-19 02:00:00,144.0,82.69771872276141,61.30228127723859
2017-02-19 03:00:00,161.0,82.69771872276141,78.30228127723859
2017-02-19 04:00:00,169.0,82.69771872276141,86.30228127723859
2017-02-19 05:00:00,170.0,82.69771872276141,87.30228127723859
2017-02-19 06:00:00,167.0,82.69771872276141,84.30228127723859
2017-02-19 07:00:00,168.0,82.69771872276141,85.30228127723859
2017-02-19 08:00:00,169.0,82.69771872276141,86.30228127723859
2017-02-19 09:00:00,162.0,82.69771872276141,79.30228127723859
2017-02-19 10:00:00,162.0,82.69771872276141,79.30228127723859
2017-02-19 11:00:00,169.0,82.69771872276141,86.30228127723859
2017-02-19 12:00:00,195.0,82.69771872276141,112.30228127723859
2017-02-19 13:00:00,189.0,82.69771872276141,106.30228127723859
2017-02-19 14:00:00,168.0,82.69771872276141,85.30228127723859
2017-02-19 15:00:00,91.0,82.69771872276141,8.302281277238592
2017-02-19 16:00:00,17.0,82.69771872276141,-65.69771872276141
2017-02-19 17:00:00,13.0,82.69771872276141,-69.69771872276141
2017-02-19 18:00:00,7.0,82.69771872276141,-75.69771872276141
2017-02-19 19:00:00,7.0,82.69771872276141,-75.69771872276141
2017-02-19 20:00:00,12.0,82.69771872276141,-70.69771872276141
2017-02-19 21:00:00,6.0,82.69771872276141,-76.69771872276141
2017-02-19 22:00:00,8.0,82.69771872276141,-74.69771872276141
2017-02-19 23:00:00,5.0,82.69771872276141,-77.69771872276141
2017-02-20 00:00:00,5.0,82.69771872276141,-77.69771872276141
2017-02-20 01:00:00,3.0,82.69771872276141,-79.69771872276141
2017-02-20 02:00:00,6.0,82.69771872276141,-76.69771872276141
2017-02-20 03:00:00,3.0,82.69771872276141,-79.69771872276141
2017-02-20 04:00:00,4.0,82.69771872276141,-78.69771872276141
2017-02-20 05:00:00,8.0,82.69771872276141,-74.69771872276141
2017-02-20 06:00:00,6.0,82.69771872276141,-76.69771872276141
2017-02-20 07:00:00,3.0,82.69771872276141,-79.69771872276141
2017-02-20 08:00:00,5.0,82.69771872276141,-77.69771872276141
2017-02-20 09:00:00,3.0,82.69771872276141,-79.69771872276141
2017-02-20 10:00:00,8.0,82.69771872276141,-74.69771872276141
2017-02-20 11:00:00,9.0,82.69771872276141,-73.69771872276141
2017-02-20 12:00:00,9.0,82.69771872276141,-73.69771872276141
2017-02-20 13:00:00,7.0,82.69771872276141,-75.69771872276141
2017-02-20 14:00:00,12.0,82.69771872276141,-70.69771872276141
2017-02-20 15:00:00,12.0,82.69771872276141,-70.69771872276141
2017-02-20 16:00:00,12.0,82.69771872276141,-70.69771872276141
2017-02-20 17:00:00,10.0,82.69771872276141,-72.69771872276141
2017-02-20 18:00:00,10.0,82.69771872276141,-72.69771872276141
2017-02-20 19:00:00,15.0,82.69771872276141,-67.69771872276141
2017-02-20 20:00:00,16.0,82.69771872276141,-66.69771872276141
2017-02-20 21:00:00,20.0,82.69771872276141,-62.69771872276141
2017-02-20 22:00:00,25.0,82.69771872276141,-57.69771872276141
2017-02-20 23:00:00,28.0,82.69771872276141,-54.69771872276141
2017-02-21 00:00:00,28.0,82.69771872276141,-54.69771872276141
2017-02-21 01:00:00,28.0,82.69771872276141,-54.69771872276141
2017-02-21 02:00:00,46.0,82.69771872276141,-36.69771872276141
2017-02-21 03:00:00,50.0,82.69771872276141,-32.69771872276141
2017-02-21 04:00:00,50.0,82.69771872276141,-32.69771872276141
2017-02-21 05:00:00,50.0,82.69771872276141,-32.69771872276141
2017-02-21 06:00:00,90.0,82.69771872276141,7.302281277238592
2017-02-21 07:00:00,90.0,82.69771872276141,7.302281277238592
2017-02-21 08:00:00,90.0,82.69771872276141,7.302281277238592
2017-02-21 09:00:00,74.0,82.69771872276141,-8.697718722761408
2017-02-21 10:00:00,102.0,82.69771872276141,19.302281277238592
2017-02-21 11:00:00,102.0,82.69771872276141,19.302281277238592
2017-02-21 12:00:00,91.0,82.69771872276141,8.302281277238592
2017-02-21 13:00:00,91.0,82.69771872276141,8.302281277238592
2017-02-21 14:00:00,42.0,82.69771872276141,-40.69771872276141
2017-02-21 15:00:00,40.0,82.69771872276141,-42.69771872276141
2017-02-21 16:00:00,28.0,82.69771872276141,-54.69771872276141
2017-02-21 17:00:00,21.0,82.69771872276141,-61.69771872276141
2017-02-21 18:00:00,29.0,82.69771872276141,-53.69771872276141
2017-02-21 19:00:00,31.0,82.69771872276141,-51.69771872276141
2017-02-21 20:00:00,47.0,82.69771872276141,-35.69771872276141
2017-02-21 21:00:00,67.0,82.69771872276141,-15.697718722761408
2017-02-21 22:00:00,60.0,82.69771872276141,-22.697718722761408
2017-02-21 23:00:00,62.0,82.69771872276141,-20.697718722761408
2017-02-22 00:00:00,55.0,82.69771872276141,-27.697718722761408
2017-02-22 01:00:00,70.0,82.69771872276141,-12.697718722761408
2017-02-22 02:00:00,81.0,82.69771872276141,-1.6977187227614081
2017-02-22 03:00:00,88.0,82.69771872276141,5.302281277238592
2017-02-22 04:00:00,86.0,82.69771872276141,3.302281277238592
2017-02-22 05:00:00,86.0,82.69771872276141,3.302281277238592
2017-02-22 06:00:00,91.0,82.69771872276141,8.302281277238592
2017-02-22 07:00:00,95.0,82.69771872276141,12.302281277238592
2017-02-22 08:00:00,95.0,82.69771872276141,12.302281277238592
2017-02-22 09:00:00,108.0,82.69771872276141,25.302281277238592
2017-02-22 10:00:00,114.0,82.69771872276141,31.302281277238592
2017-02-22 11:00:00,131.0,82.69771872276141,48.30228127723859
2017-02-22 12:00:00,142.0,82.69771872276141,59.30228127723859
2017-02-22 13:00:00,139.0,82.69771872276141,56.30228127723859
2017-02-22 14:00:00,147.0,82.69771872276141,64.30228127723859
2017-02-22 15:00:00,145.0,82.69771872276141,62.30228127723859
2017-02-22 16:00:00,131.0,82.69771872276141,48.30228127723859
2017-02-22 17:00:00,28.0,82.69771872276141,-54.69771872276141
2017-02-22 18:00:00,11.0,82.69771872276141,-71.69771872276141
2017-02-22 19:00:00,10.0,82.69771872276141,-72.69771872276141
2017-02-22 20:00:00,14.0,82.69771872276141,-68.69771872276141
2017-02-22 21:00:00,14.0,82.69771872276141,-68.69771872276141
2017-02-22 22:00:00,15.0,82.69771872276141,-67.69771872276141
2017-02-22 23:00:00,12.0,82.69771872276141,-70.69771872276141
2017-02-23 00:00:00,13.0,82.69771872276141,-69.69771872276141
2017-02-23 01:00:00,15.0,82.69771872276141,-67.69771872276141
2017-02-23 02:00:00,11.0,82.69771872276141,-71.69771872276141
2017-02-23 03:00:00,12.0,82.69771872276141,-70.69771872276141
2017-02-23 04:00:00,15.0,82.69771872276141,-67.69771872276141
2017-02-23 05:00:00,13.0,82.69771872276141,-69.69771872276141
2017-02-23 06:00:00,13.0,82.69771872276141,-69.69771872276141
2017-02-23 07:00:00,11.0,82.69771872276141,-71.69771872276141
2017-02-23 08:00:00,15.0,82.69771872276141,-67.69771872276141
2017-02-23 09:00:00,12.0,82.69771872276141,-70.69771872276141
2017-02-23 10:00:00,11.0,82.69771872276141,-71.69771872276141
2017-02-23 11:00:00,13.0,82.69771872276141,-69.69771872276141
2017-02-23 12:00:00,13.0,82.69771872276141,-69.69771872276141
2017-02-23 13:00:00,12.0,82.69771872276141,-70.69771872276141
2017-02-23 14:00:00,3.0,82.69771872276141,-79.69771872276141
2017-02-23 15:00:00,18.0,82.69771872276141,-64.69771872276141
2017-02-23 16:00:00,31.0,82.69771872276141,-51.69771872276141
2017-02-23 17:00:00,23.0,82.69771872276141,-59.69771872276141
2017-02-23 18:00:00,10.0,82.69771872276141,-72.69771872276141
2017-02-23 19:00:00,6.0,82.69771872276141,-76.69771872276141
2017-02-23 20:00:00,33.0,82.69771872276141,-49.69771872276141
2017-02-23 21:00:00,26.0,82.69771872276141,-56.69771872276141
2017-02-23 22:00:00,30.0,82.69771872276141,-52.69771872276141
2017-02-23 23:00:00,45.0,82.69771872276141,-37.69771872276141
2017-02-24 00:00:00,46.0,82.69771872276141,-36.69771872276141
2017-02-24 01:00:00,48.0,82.69771872276141,-34.69771872276141
2017-02-24 02:00:00,36.0,82.69771872276141,-46.69771872276141
2017-02-24 03:00:00,36.0,82.69771872276141,-46.69771872276141
2017-02-24 04:00:00,28.0,82.69771872276141,-54.69771872276141
2017-02-24 05:00:00,23.0,82.69771872276141,-59.69771872276141
2017-02-24 06:00:00,16.0,82.69771872276141,-66.69771872276141
2017-02-24 07:00:00,20.0,82.69771872276141,-62.69771872276141
2017-02-24 08:00:00,20.0,82.69771872276141,-62.69771872276141
2017-02-24 09:00:00,26.0,82.69771872276141,-56.69771872276141
2017-02-24 10:00:00,23.0,82.69771872276141,-59.69771872276141
2017-02-24 11:00:00,22.0,82.69771872276141,-60.69771872276141
2017-02-24 12:00:00,21.0,82.69771872276141,-61.69771872276141
2017-02-24 13:00:00,16.0,82.69771872276141,-66.69771872276141
2017-02-24 14:00:00,16.0,82.69771872276141,-66.69771872276141
2017-02-24 15:00:00,18.0,82.69771872276141,-64.69771872276141
2017-02-24 16:00:00,11.0,82.69771872276141,-71.69771872276141
2017-02-24 17:00:00,11.0,82.69771872276141,-71.69771872276141
2017-02-24 18:00:00,9.0,82.69771872276141,-73.69771872276141
2017-02-24 19:00:00,11.0,82.69771872276141,-71.69771872276141
2017-02-24 20:00:00,10.0,82.69771872276141,-72.69771872276141
2017-02-24 21:00:00,14.0,82.69771872276141,-68.69771872276141
2017-02-24 22:00:00,18.0,82.69771872276141,-64.69771872276141
2017-02-24 23:00:00,18.0,82.69771872276141,-64.69771872276141
2017-02-25 00:00:00,12.0,82.69771872276141,-70.69771872276141
2017-02-25 01:00:00,7.0,82.69771872276141,-75.69771872276141
2017-02-25 02:00:00,11.0,82.69771872276141,-71.69771872276141
2017-02-25 03:00:00,7.0,82.69771872276141,-75.69771872276141
2017-02-25 04:00:00,13.0,82.69771872276141,-69.69771872276141
2017-02-25 05:00:00,13.0,82.69771872276141,-69.69771872276141
2017-02-25 06:00:00,3.0,82.69771872276141,-79.69771872276141
2017-02-25 07:00:00,11.0,82.69771872276141,-71.69771872276141
2017-02-25 08:00:00,5.0,82.69771872276141,-77.69771872276141
2017-02-25 09:00:00,7.0,82.69771872276141,-75.69771872276141
2017-02-25 10:00:00,17.0,82.69771872276141,-65.69771872276141
2017-02-25 11:00:00,9.0,82.69771872276141,-73.69771872276141
2017-02-25 12:00:00,12.0,82.69771872276141,-70.69771872276141
2017-02-25 13:00:00,7.0,82.69771872276141,-75.69771872276141
2017-02-25 14:00:00,10.0,82.69771872276141,-72.69771872276141
2017-02-25 15:00:00,8.0,82.69771872276141,-74.69771872276141
2017-02-25 16:00:00,9.0,82.69771872276141,-73.69771872276141
2017-02-25 17:00:00,11.0,82.69771872276141,-71.69771872276141
2017-02-25 18:00:00,14.0,82.69771872276141,-68.69771872276141
2017-02-25 19:00:00,14.0,82.69771872276141,-68.69771872276141
2017-02-25 20:00:00,17.0,82.69771872276141,-65.69771872276141
2017-02-25 21:00:00,12.0,82.69771872276141,-70.69771872276141
2017-02-25 22:00:00,25.0,82.69771872276141,-57.69771872276141
2017-02-25 23:00:00,15.0,82.69771872276141,-67.69771872276141
2017-02-26 00:00:00,24.0,82.69771872276141,-58.69771872276141
2017-02-26 01:00:00,22.0,82.69771872276141,-60.69771872276141
2017-02-26 02:00:00,19.0,82.69771872276141,-63.69771872276141
2017-02-26 03:00:00,18.0,82.69771872276141,-64.69771872276141
2017-02-26 04:00:00,18.0,82.69771872276141,-64.69771872276141
2017-02-26 05:00:00,25.0,82.69771872276141,-57.69771872276141
2017-02-26 06:00:00,30.0,82.69771872276141,-52.69771872276141
2017-02-26 07:00:00,32.0,82.69771872276141,-50.69771872276141
2017-02-26 08:00:00,30.0,82.69771872276141,-52.69771872276141
2017-02-26 09:00:00,19.0,82.69771872276141,-63.69771872276141
2017-02-26 10:00:00,20.0,82.69771872276141,-62.69771872276141
2017-02-26 11:00:00,31.0,82.69771872276141,-51.69771872276141
2017-02-26 12:00:00,26.0,82.69771872276141,-56.69771872276141
2017-02-26 13:00:00,23.0,82.69771872276141,-59.69771872276141
2017-02-26 14:00:00,24.0,82.69771872276141,-58.69771872276141
2017-02-26 15:00:00,24.0,82.69771872276141,-58.69771872276141
2017-02-26 16:00:00,26.0,82.69771872276141,-56.69771872276141
2017-02-26 17:00:00,29.0,82.69771872276141,-53.69771872276141
2017-02-26 18:00:00,30.0,82.69771872276141,-52.69771872276141
2017-02-26 19:00:00,30.0,82.69771872276141,-52.69771872276141
2017-02-26 20:00:00,36.0,82.69771872276141,-46.69771872276141
2017-02-26 21:00:00,42.0,82.69771872276141,-40.69771872276141
2017-02-26 22:00:00,51.0,82.69771872276141,-31.697718722761408
2017-02-26 23:00:00,46.0,82.69771872276141,-36.69771872276141
2017-02-27 00:00:00,38.0,82.69771872276141,-44.69771872276141
2017-02-27 01:00:00,55.0,82.69771872276141,-27.697718722761408
2017-02-27 02:00:00,77.0,82.69771872276141,-5.697718722761408
2017-02-27 03:00:00,85.0,82.69771872276141,2.302281277238592
2017-02-27 04:00:00,94.0,82.69771872276141,11.302281277238592
2017-02-27 05:00:00,96.0,82.69771872276141,13.302281277238592
2017-02-27 06:00:00,80.0,82.69771872276141,-2.697718722761408
2017-02-27 07:00:00,73.0,82.69771872276141,-9.697718722761408
2017-02-27 08:00:00,61.0,82.69771872276141,-21.697718722761408
2017-02-27 09:00:00,52.0,82.69771872276141,-30.697718722761408
2017-02-27 10:00:00,89.0,82.69771872276141,6.302281277238592
2017-02-27 11:00:00,122.0,82.69771872276141,39.30228127723859
2017-02-27 12:00:00,122.0,82.69771872276141,39.30228127723859
2017-02-27 13:00:00,122.0,82.69771872276141,39.30228127723859
2017-02-27 14:00:00,103.0,82.69771872276141,20.302281277238592
2017-02-27 15:00:00,95.0,82.69771872276141,12.302281277238592
2017-02-27 16:00:00,75.0,82.69771872276141,-7.697718722761408
2017-02-27 17:00:00,58.0,82.69771872276141,-24.697718722761408
2017-02-27 18:00:00,47.0,82.69771872276141,-35.69771872276141
2017-02-27 19:00:00,51.0,82.69771872276141,-31.697718722761408
2017-02-27 20:00:00,51.0,82.69771872276141,-31.697718722761408
2017-02-27 21:00:00,53.0,82.69771872276141,-29.697718722761408
2017-02-27 22:00:00,58.0,82.69771872276141,-24.697718722761408
2017-02-27 23:00:00,70.0,82.69771872276141,-12.697718722761408
2017-02-28 00:00:00,56.0,82.69771872276141,-26.697718722761408
2017-02-28 01:00:00,15.0,82.69771872276141,-67.69771872276141
2017-02-28 02:00:00,9.0,82.69771872276141,-73.69771872276141
2017-02-28 03:00:00,7.0,82.69771872276141,-75.69771872276141
2017-02-28 04:00:00,13.0,82.69771872276141,-69.69771872276141
2017-02-28 05:00:00,12.0,82.69771872276141,-70.69771872276141
2017-02-28 06:00:00,9.0,82.69771872276141,-73.69771872276141
2017-02-28 07:00:00,11.0,82.69771872276141,-71.69771872276141
2017-02-28 08:00:00,13.0,82.69771872276141,-69.69771872276141
2017-02-28 09:00:00,12.0,82.69771872276141,-70.69771872276141
2017-02-28 10:00:00,11.0,82.69771872276141,-71.69771872276141
2017-02-28 11:00:00,7.0,82.69771872276141,-75.69771872276141
2017-02-28 12:00:00,6.0,82.69771872276141,-76.69771872276141
2017-02-28 13:00:00,6.0,82.69771872276141,-76.69771872276141
2017-02-28 14:00:00,5.0,82.69771872276141,-77.69771872276141
2017-02-28 15:00:00,6.0,82.69771872276141,-76.69771872276141
2017-02-28 16:00:00,12.0,82.69771872276141,-70.69771872276141
2017-02-28 17:00:00,12.0,82.69771872276141,-70.69771872276141
2017-02-28 18:00:00,13.0,82.69771872276141,-69.69771872276141
2017-02-28 19:00:00,12.0,82.69771872276141,-70.69771872276141
2017-02-28 20:00:00,13.0,82.69771872276141,-69.69771872276141
2017-02-28 21:00:00,16.0,82.69771872276141,-66.69771872276141
2017-02-28 22:00:00,21.0,82.69771872276141,-61.69771872276141
2017-02-28 23:00:00,19.0,82.69771872276141,-63.69771872276141
