datetime,actual,prediction,residual
2017-01-01 00:00:00,485.0,463.130063349131,21.869936650869022
2017-01-01 01:00:00,477.0,456.0023432666891,20.99765673331092
2017-01-01 02:00:00,454.0,433.95499113843977,20.045008861560234
2017-01-01 03:00:00,418.0,400.08311775001107,17.91688224998893
2017-01-01 04:00:00,438.0,420.9661583810638,17.033841618936208
2017-01-01 05:00:00,453.0,433.5705079344554,19.429492065544594
2017-01-01 06:00:00,433.0,415.6921345580012,17.307865441998786
2017-01-01 07:00:00,416.0,400.45887267176556,15.541127328234438
2017-01-01 08:00:00,421.0,406.24918069609936,14.750819303900641
2017-01-01 09:00:00,424.0,408.45744238884066,15.542557611159339
2017-01-01 10:00:00,413.0,399.09403624901694,13.905963750983062
2017-01-01 11:00:00,425.0,410.56033647498566,14.439663525014339
2017-01-01 12:00:00,381.0,369.92275579461256,11.077244205387444
2017-01-01 13:00:00,466.0,451.8770653302612,14.122934669738811
2017-01-01 14:00:00,542.0,524.5849904275723,17.41500957242772
2017-01-01 15:00:00,568.0,548.9511276600828,19.04887233991724
2017-01-01 16:00:00,568.0,548.8440262786302,19.155973721369833
2017-01-01 17:00:00,543.0,525.4446968577997,17.555303142200273
2017-01-01 18:00:00,522.0,506.13365487069734,15.866345129302658
2017-01-01 19:00:00,487.0,472.9944130856853,14.005586914314677
2017-01-01 20:00:00,475.0,461.4516838605754,13.548316139424628
2017-01-01 21:00:00,459.0,447.5848284982791,11.41517150172092
2017-01-01 22:00:00,453.0,441.1712663588237,11.828733641176314
2017-01-01 23:00:00,417.0,406.6157725210225,10.384227478977493
2017-01-02 00:00:00,395.0,381.33608537359794,13.663914626402061
2017-01-02 01:00:00,420.0,405.33084948492706,14.669150515072943
2017-01-02 02:00:00,453.0,437.9196279673706,15.080372032629384
2017-01-02 03:00:00,429.0,412.8319996382291,16.168000361770908
2017-01-02 04:00:00,211.0,207.15710949815457,3.8428905018454316
2017-01-02 05:00:00,116.0,115.27605408036946,0.7239459196305376
2017-01-02 06:00:00,51.0,53.82774072284508,-2.8277407228450784
2017-01-02 07:00:00,38.0,41.79682447268823,-3.796824472688229
2017-01-02 08:00:00,21.0,23.90682542506508,-2.9068254250650796
2017-01-02 09:00:00,16.0,18.08624039705073,-2.08624039705073
2017-01-02 10:00:00,23.0,25.41520690024649,-2.4152069002464884
2017-01-02 11:00:00,18.0,17.689754908837088,0.310245091162912
2017-01-02 12:00:00,58.0,65.749414969119,-7.749414969119002
2017-01-02 13:00:00,176.0,171.6858396781463,4.314160321853706
2017-01-02 14:00:00,109.0,112.50932919167487,-3.5093291916748655
2017-01-02 15:00:00,267.0,260.4393112612824,6.560688738717602
2017-01-02 16:00:00,260.0,252.90341026518195,7.096589734818053
2017-01-02 17:00:00,212.0,208.34571604609675,3.6542839539032457
2017-01-02 18:00:00,183.0,180.6868296917292,2.3131703082707986
2017-01-02 19:00:00,136.0,135.45040451517377,0.5495954848262272
2017-01-02 20:00:00,137.0,136.7048236920769,0.2951763079231
2017-01-02 21:00:00,125.0,128.51653086062197,-3.5165308606219696
2017-01-02 22:00:00,153.0,155.7046877149831,-2.704687714983095
2017-01-02 23:00:00,165.0,168.53555738276827,-3.5355573827682747
2017-01-03 00:00:00,225.0,220.9732909359177,4.026709064082297
2017-01-03 01:00:00,275.0,268.8165850010805,6.183414998919488
2017-01-03 02:00:00,293.0,285.3831759189353,7.616824081064692
2017-01-03 03:00:00,293.0,285.5405672789498,7.459432721050177
2017-01-03 04:00:00,287.0,280.799429364817,6.200570635182999
2017-01-03 05:00:00,305.0,297.3903192786582,7.609680721341817
2017-01-03 06:00:00,304.0,296.84275814283114,7.157241857168856
2017-01-03 07:00:00,266.0,260.81268616743785,5.187313832562154
2017-01-03 08:00:00,240.0,235.5608121894786,4.439187810521389
2017-01-03 09:00:00,237.0,233.49317629805472,3.5068237019452795
2017-01-03 10:00:00,232.0,228.1017963579859,3.8982036420140957
2017-01-03 11:00:00,155.0,152.87934676069403,2.120653239305966
2017-01-03 12:00:00,167.0,164.92683978984934,2.073160210150661
2017-01-03 13:00:00,170.0,167.81123315880052,2.188766841199481
2017-01-03 14:00:00,179.0,178.16818364243164,0.831816357568357
2017-01-03 15:00:00,244.0,242.81119162372192,1.1888083762780752
2017-01-03 16:00:00,296.0,294.03706934279734,1.9629306572026621
2017-01-03 17:00:00,295.0,280.88796561773347,14.112034382266529
2017-01-03 19:00:00,397.0,389.9184671783189,7.081532821681094
2017-01-03 20:00:00,437.0,428.6522324990236,8.347767500976374
2017-01-03 21:00:00,464.0,453.433718074225,10.566281925775002
2017-01-03 22:00:00,483.0,471.1581038895026,11.841896110497373
2017-01-03 23:00:00,447.0,438.1842679619833,8.815732038016677
2017-01-04 00:00:00,440.0,427.69188756525136,12.308112434748637
2017-01-04 01:00:00,463.0,448.3502084952346,14.649791504765403
2017-01-04 02:00:00,467.0,450.3045821835823,16.695417816417716
2017-01-04 03:00:00,463.0,448.9196911537724,14.080308846227581
2017-01-04 04:00:00,473.0,460.1848854143259,12.81511458567411
2017-01-04 05:00:00,488.0,474.0809259735472,13.91907402645279
2017-01-04 07:00:00,392.0,379.56451657597614,12.435483424023857
2017-01-04 08:00:00,338.0,329.708268506649,8.291731493350994
2017-01-04 09:00:00,338.0,330.2065919826053,7.793408017394711
2017-01-04 10:00:00,441.0,430.2942302590814,10.705769740918583
2017-01-04 11:00:00,333.0,323.809939361026,9.19006063897399
2017-01-04 12:00:00,167.0,165.6846654674576,1.3153345325424084
2017-01-04 13:00:00,216.0,213.6671976478018,2.3328023521982004
2017-01-04 14:00:00,291.0,285.6644541707489,5.335545829251089
2017-01-04 15:00:00,325.0,319.01125885656205,5.988741143437949
2017-01-04 16:00:00,367.0,358.97216287259766,8.027837127402336
2017-01-04 17:00:00,322.0,318.2235045038364,3.776495496163591
2017-01-04 18:00:00,298.0,295.4005961925615,2.5994038074384775
2017-01-04 19:00:00,304.0,301.37089293165525,2.6291070683447515
2017-01-04 20:00:00,346.0,341.17500819568045,4.824991804319552
2017-01-04 21:00:00,356.0,350.21322967680175,5.786770323198255
2017-01-04 22:00:00,380.0,371.03616370813165,8.963836291868347
2017-01-04 23:00:00,328.0,321.6400794127793,6.359920587220699
2017-01-05 00:00:00,203.0,196.55996092078772,6.4400390792122835
2017-01-05 01:00:00,168.0,166.4014414702869,1.5985585297131024
2017-01-05 02:00:00,159.0,157.99949378012246,1.0005062198775363
2017-01-05 03:00:00,168.0,166.8729277236884,1.1270722763115941
2017-01-05 04:00:00,175.0,173.38984486329832,1.6101551367016782
2017-01-05 05:00:00,256.0,252.32021147662692,3.6797885233730767
2017-01-05 06:00:00,336.0,327.752978137088,8.247021862911993
2017-01-05 07:00:00,284.0,278.1845113860823,5.815488613917694
2017-01-05 08:00:00,275.0,268.82857827013305,6.17142172986695
2017-01-05 09:00:00,271.0,265.75736490206344,5.242635097936557
2017-01-05 10:00:00,276.0,270.4836321951346,5.516367804865411
2017-01-05 11:00:00,267.0,263.17599616909035,3.8240038309096462
2017-01-05 12:00:00,249.0,245.4638696146004,3.536130385399588
2017-01-05 13:00:00,239.0,235.31268745637175,3.687312543628252
2017-01-05 14:00:00,223.0,219.83608389655495,3.1639161034450467
2017-01-05 15:00:00,206.0,203.75132735270972,2.2486726472902774
2017-01-05 16:00:00,162.0,162.90959815572586,-0.9095981557258597
2017-01-05 17:00:00,184.0,184.42896508705792,-0.428965087057918
2017-01-05 18:00:00,183.0,184.92217961678284,-1.9221796167828415
2017-01-05 19:00:00,191.0,191.93027694035703,-0.9302769403570323
2017-01-05 20:00:00,219.0,218.9591760392795,0.04082396072050187
2017-01-05 21:00:00,199.0,200.76867049048695,-1.7686704904869543
2017-01-05 22:00:00,180.0,183.51837423909154,-3.5183742390915427
2017-01-05 23:00:00,184.0,186.96591766468623,-2.9659176646862306
2017-01-06 00:00:00,184.0,181.75757232547846,2.2424276745215366
2017-01-06 01:00:00,184.0,182.43255364166345,1.5674463583365537
2017-01-06 02:00:00,176.0,174.3904151678807,1.6095848321193102
2017-01-06 03:00:00,159.0,158.58871626238334,0.4112837376166567
2017-01-06 04:00:00,158.0,156.8595815127793,1.1404184872206997
2017-01-06 05:00:00,171.0,169.17715789535123,1.822842104648771
2017-01-06 06:00:00,169.0,168.69636890063373,0.303631099366271
2017-01-06 07:00:00,177.0,176.52516708218587,0.4748329178141262
2017-01-06 08:00:00,170.0,169.42123445494934,0.5787655450506577
2017-01-06 09:00:00,175.0,173.99830081749644,1.0016991825035575
2017-01-06 10:00:00,211.0,208.37948812716257,2.620511872837426
2017-01-06 11:00:00,216.0,212.39729375423877,3.602706245761226
2017-01-06 12:00:00,193.0,189.8737252760588,3.126274723941208
2017-01-06 13:00:00,188.0,184.82536436837,3.1746356316299966
2017-01-06 14:00:00,200.0,198.53344850193668,1.4665514980633247
2017-01-06 15:00:00,214.0,213.72981082614632,0.27018917385368013
2017-01-06 16:00:00,215.0,214.22837211878033,0.771627881219672
2017-01-06 17:00:00,221.0,220.3713387419267,0.6286612580732935
2017-01-06 18:00:00,211.0,212.33347270525854,-1.3334727052585436
2017-01-06 19:00:00,217.0,219.47581613558344,-2.475816135583443
2017-01-06 20:00:00,220.0,222.2775192886112,-2.277519288611188
2017-01-06 21:00:00,235.0,236.53850295386275,-1.5385029538627464
2017-01-06 22:00:00,239.0,240.39343846863244,-1.3934384686324393
2017-01-06 23:00:00,235.0,234.57304500136865,0.426954998631345
2017-01-07 00:00:00,241.0,234.43606739452235,6.563932605477646
2017-01-07 01:00:00,239.0,232.059378971762,6.940621028238013
2017-01-07 02:00:00,224.0,218.85309608738078,5.146903912619223
2017-01-07 03:00:00,208.0,202.6119739041307,5.388026095869293
2017-01-07 04:00:00,206.0,201.0002315968773,4.999768403122687
2017-01-07 05:00:00,200.0,195.4038055266813,4.59619447331869
2017-01-07 06:00:00,181.0,177.31195636096123,3.688043639038767
2017-01-07 07:00:00,173.0,170.18237154716547,2.8176284528345263
2017-01-07 08:00:00,166.0,162.99147282470642,3.0085271752935796
2017-01-07 09:00:00,154.0,150.6930575203139,3.306942479686086
2017-01-07 10:00:00,142.0,140.58150126300188,1.4184987369981172
2017-01-07 11:00:00,167.0,163.39045842250766,3.6095415774923367
2017-01-07 12:00:00,196.0,191.77184201901144,4.228157980988556
2017-01-07 13:00:00,184.0,180.66346786283498,3.3365321371650225
2017-01-07 14:00:00,156.0,154.31551197393736,1.6844880260626383
2017-01-07 15:00:00,115.0,116.13324451829077,-1.1332445182907662
2017-01-07 16:00:00,99.0,101.4588977274576,-2.4588977274575967
2017-01-07 17:00:00,95.0,97.71681591120229,-2.716815911202289
2017-01-07 18:00:00,102.0,105.75540253584252,-3.7554025358425207
2017-01-07 19:00:00,96.0,100.93509877469832,-4.935098774698318
2017-01-07 20:00:00,100.0,104.66172576463346,-4.661725764633459
2017-01-07 21:00:00,111.0,115.5526875536856,-4.552687553685601
2017-01-07 22:00:00,93.0,98.5856435549547,-5.5856435549547
2017-01-07 23:00:00,78.0,85.68708916624182,-7.687089166241819
2017-01-08 00:00:00,66.0,66.24196261862768,-0.24196261862768154
2017-01-08 01:00:00,66.0,65.06190675826649,0.9380932417335117
2017-01-08 02:00:00,22.0,21.516726713006136,0.48327328699386385
2017-01-08 03:00:00,23.0,23.24326122408553,-0.2432612240855292
2017-01-08 04:00:00,19.0,18.477798473219963,0.5222015267800373
2017-01-08 05:00:00,24.0,23.308085841275187,0.6919141587248134
2017-01-08 06:00:00,16.0,15.227434086672389,0.772565913327611
2017-01-08 07:00:00,15.0,13.394933568537496,1.6050664314625038
2017-01-08 08:00:00,18.0,17.36996209604827,0.630037903951731
2017-01-08 09:00:00,20.0,18.19992467792541,1.8000753220745906
2017-01-08 10:00:00,15.0,14.510668446233524,0.4893315537664762
2017-01-08 11:00:00,22.0,20.689420699285535,1.3105793007144655
2017-01-08 12:00:00,18.0,18.1386362107377,-0.13863621073770105
2017-01-08 13:00:00,28.0,27.85512701855663,0.14487298144337046
2017-01-08 14:00:00,22.0,22.229025731857732,-0.22902573185773178
2017-01-08 15:00:00,17.0,16.52041880933345,0.4795811906665506
2017-01-08 16:00:00,14.0,14.384514882336674,-0.3845148823366742
2017-01-08 17:00:00,13.0,15.356882992833988,-2.356882992833988
2017-01-08 18:00:00,14.0,15.960871585781703,-1.9608715857817032
2017-01-08 19:00:00,15.0,17.52108570704391,-2.521085707043909
2017-01-08 20:00:00,21.0,24.288135724406942,-3.288135724406942
2017-01-08 21:00:00,15.0,18.75876509817914,-3.75876509817914
2017-01-08 22:00:00,13.0,16.30532681864554,-3.30532681864554
2017-01-08 23:00:00,10.0,13.194332841348583,-3.194332841348583
2017-01-09 00:00:00,10.0,6.251342451721797,3.748657548278203
2017-01-09 01:00:00,8.0,4.66937886980655,3.3306211301934496
2017-01-09 02:00:00,9.0,7.338370473788416,1.661629526211584
2017-01-09 03:00:00,11.0,9.028026998006226,1.9719730019937742
2017-01-09 04:00:00,6.0,4.22782984244833,1.7721701575516704
2017-01-09 05:00:00,6.0,4.861196588385752,1.1388034116142478
2017-01-09 06:00:00,10.0,7.336020043288002,2.663979956711998
2017-01-09 07:00:00,11.0,11.999593810453575,-0.9995938104535753
2017-01-09 08:00:00,9.0,10.545156489347988,-1.5451564893479883
2017-01-09 09:00:00,16.0,14.673889229824937,1.3261107701750632
2017-01-09 10:00:00,13.0,11.21854797424885,1.7814520257511504
2017-01-09 11:00:00,12.0,11.6762210700318,0.32377892996819924
2017-01-09 12:00:00,17.0,18.834049783872246,-1.8340497838722456
2017-01-09 13:00:00,7.0,8.035268038843938,-1.0352680388439381
2017-01-09 14:00:00,15.0,14.8633816282086,0.1366183717913998
2017-01-09 15:00:00,17.0,17.919563194131726,-0.9195631941317259
2017-01-09 16:00:00,34.0,33.32706919713169,0.6729308028683079
2017-01-09 17:00:00,37.0,37.64245140104099,-0.6424514010409865
2017-01-09 18:00:00,50.0,52.381749614951204,-2.381749614951204
2017-01-09 19:00:00,62.0,65.33195332869569,-3.3319533286956897
2017-01-09 20:00:00,87.0,88.15311225773858,-1.1531122577385844
2017-01-09 21:00:00,114.0,114.51359226462212,-0.5135922646221189
2017-01-09 22:00:00,127.0,124.47717826956996,2.5228217304300387
2017-01-09 23:00:00,120.0,121.48489192547096,-1.4848919254709614
2017-01-10 00:00:00,51.0,54.08287671923317,-3.0828767192331696
2017-01-10 01:00:00,70.0,66.54209790050909,3.4579020994909087
2017-01-10 02:00:00,19.0,16.747927123884224,2.2520728761157756
2017-01-10 03:00:00,7.0,2.646619699305191,4.353380300694809
2017-01-10 05:00:00,10.0,8.318804380289265,1.681195619710735
2017-01-10 06:00:00,10.0,8.4696493713396,1.5303506286604005
2017-01-10 07:00:00,11.0,11.042487537628631,-0.04248753762863089
2017-01-10 09:00:00,3.0,4.5189318817756,-1.5189318817756003
2017-01-10 10:00:00,6.0,4.371917261699565,1.628082738300435
2017-01-10 11:00:00,3.0,-0.6698304094958445,3.6698304094958445
2017-01-10 12:00:00,3.0,-0.578548510327721,3.578548510327721
2017-01-10 19:00:00,13.0,20.02554862810291,-7.025548628102911
2017-01-10 20:00:00,81.0,86.01242011935138,-5.0124201193513755
2017-01-10 21:00:00,91.0,96.66012361742166,-5.660123617421661
2017-01-10 22:00:00,84.0,89.588465247884,-5.5884652478840025
2017-01-10 23:00:00,87.0,92.38162507811269,-5.381625078112691
2017-01-11 00:00:00,91.0,91.8983407250271,-0.8983407250270972
2017-01-11 01:00:00,94.0,95.36620082473733,-1.3662008247373336
2017-01-11 02:00:00,97.0,97.76193592436543,-0.7619359243654316
2017-01-11 03:00:00,112.0,113.88491820277726,-1.884918202777257
2017-01-11 05:00:00,68.0,71.88795127143011,-3.8879512714301114
2017-01-11 06:00:00,60.0,63.94458542787633,-3.9445854278763335
2017-01-11 07:00:00,33.0,38.79569389418333,-5.79569389418333
2017-01-11 08:00:00,28.0,34.07294195954171,-6.0729419595417085
2017-01-11 09:00:00,20.0,26.977587543754353,-6.977587543754353
2017-01-11 10:00:00,32.0,37.992388037949524,-5.9923880379495245
2017-01-11 12:00:00,3.0,10.622928080116026,-7.622928080116026
2017-01-11 13:00:00,39.0,44.09026913978893,-5.09026913978893
2017-01-11 14:00:00,37.0,39.41066798910242,-2.4106679891024214
2017-01-11 15:00:00,46.0,50.16331125693374,-4.1633112569337385
2017-01-11 16:00:00,50.0,53.873075830123256,-3.8730758301232555
2017-01-11 17:00:00,66.0,72.1778498735582,-6.177849873558202
2017-01-11 18:00:00,58.0,63.44714611502461,-5.4471461150246085
2017-01-11 19:00:00,38.0,45.53092218790147,-7.530922187901467
2017-01-11 20:00:00,36.0,42.11434027299509,-6.1143402729950935
2017-01-11 21:00:00,31.0,38.72336620338481,-7.723366203384813
2017-01-11 22:00:00,22.0,31.725080129584867,-9.725080129584867
2017-01-11 23:00:00,22.0,32.93411838437109,-10.93411838437109
2017-01-12 00:00:00,31.0,33.18571274886794,-2.1857127488679424
2017-01-12 01:00:00,26.0,30.32727764976785,-4.327277649767851
2017-01-12 02:00:00,23.0,26.875569301013968,-3.875569301013968
2017-01-12 03:00:00,26.0,31.089798181518944,-5.089798181518944
2017-01-12 04:00:00,31.0,38.05258554385985,-7.052585543859848
2017-01-12 05:00:00,32.0,34.52057502754941,-2.5205750275494125
2017-01-12 06:00:00,22.0,25.08130736347435,-3.0813073634743517
2017-01-12 07:00:00,19.0,22.279419846525997,-3.2794198465259967
2017-01-12 08:00:00,16.0,21.189488783465038,-5.189488783465038
2017-01-12 09:00:00,26.0,31.321678778572547,-5.321678778572547
2017-01-12 10:00:00,27.0,28.453395800382836,-1.453395800382836
2017-01-12 11:00:00,20.0,22.01004991770327,-2.0100499177032702
2017-01-12 12:00:00,25.0,25.098253577548036,-0.09825357754803576
2017-01-12 13:00:00,45.0,45.624882631795316,-0.624882631795316
2017-01-12 14:00:00,84.0,81.5011746628861,2.4988253371138995
2017-01-12 15:00:00,80.0,79.34366054671305,0.6563394532869467
2017-01-12 16:00:00,94.0,93.17317633661064,0.8268236633893622
2017-01-12 17:00:00,97.0,99.55975917156961,-2.5597591715696097
2017-01-12 18:00:00,93.0,97.53429418701442,-4.534294187014424
2017-01-12 19:00:00,121.0,124.13898969599627,-3.1389896959962726
2017-01-12 20:00:00,108.0,113.84462637149481,-5.844626371494812
2017-01-12 21:00:00,33.0,39.04939467893085,-6.049394678930852
2017-01-12 22:00:00,19.0,22.60149470739468,-3.6014947073946786
2017-01-12 23:00:00,15.0,18.77096962963401,-3.77096962963401
2017-01-13 00:00:00,5.0,2.3492776368414354,2.6507223631585646
2017-01-13 01:00:00,20.0,18.543953114009412,1.4560468859905882
2017-01-13 02:00:00,9.0,7.771744334087188,1.2282556659128119
2017-01-13 03:00:00,14.0,10.684116282543869,3.3158837174561313
2017-01-13 04:00:00,8.0,8.315872218975244,-0.31587221897524387
2017-01-13 05:00:00,10.0,11.806138796607243,-1.806138796607243
2017-01-13 06:00:00,13.0,14.645510724257377,-1.6455107242573774
2017-01-13 07:00:00,17.0,17.64750237540308,-0.6475023754030786
2017-01-13 08:00:00,22.0,22.689569409099704,-0.689569409099704
2017-01-13 09:00:00,8.0,6.5034215847790335,1.4965784152209665
2017-01-13 10:00:00,8.0,8.369711530951008,-0.36971153095100817
2017-01-13 11:00:00,20.0,17.875835702754287,2.124164297245713
2017-01-13 12:00:00,13.0,11.884667989842782,1.1153320101572177
2017-01-13 13:00:00,7.0,4.026653293132739,2.973346706867261
2017-01-13 14:00:00,15.0,12.793167638294904,2.2068323617050964
2017-01-13 15:00:00,9.0,7.04424326071792,1.95575673928208
2017-01-13 16:00:00,15.0,13.386333836992463,1.6136661630075366
2017-01-13 17:00:00,17.0,18.14407123094533,-1.144071230945329
2017-01-13 18:00:00,18.0,19.17634750520709,-1.1763475052070902
2017-01-13 19:00:00,16.0,16.865121263009144,-0.8651212630091436
2017-01-13 20:00:00,21.0,23.24896400859207,-2.2489640085920684
2017-01-13 21:00:00,18.0,20.344689286949844,-2.344689286949844
2017-01-13 22:00:00,15.0,18.474239792903262,-3.474239792903262
2017-01-13 23:00:00,22.0,25.859863982969998,-3.8598639829699977
2017-01-14 00:00:00,17.0,18.07501191860142,-1.0750119186014189
2017-01-14 01:00:00,18.0,17.15225152488962,0.8477484751103788
2017-01-14 02:00:00,17.0,17.547976033403145,-0.5479760334031454
2017-01-14 03:00:00,13.0,12.569358256383055,0.4306417436169454
2017-01-14 04:00:00,21.0,21.09387383843159,-0.09387383843159114
2017-01-14 05:00:00,18.0,18.933781585145567,-0.9337815851455673
2017-01-14 06:00:00,11.0,11.283429388440425,-0.28342938844042465
2017-01-14 07:00:00,9.0,11.347841888129537,-2.347841888129537
2017-01-14 08:00:00,24.0,27.180923350171852,-3.1809233501718523
2017-01-14 09:00:00,19.0,22.372418115475497,-3.3724181154754973
2017-01-14 10:00:00,27.0,28.878542148115628,-1.8785421481156277
2017-01-14 11:00:00,31.0,30.15123417923151,0.8487658207684916
2017-01-14 12:00:00,18.0,19.470184736238338,-1.4701847362383376
2017-01-14 13:00:00,12.0,12.74636558682775,-0.7463655868277499
2017-01-14 14:00:00,8.0,7.900784382467975,0.09921561753202468
2017-01-14 15:00:00,11.0,12.244354449785618,-1.244354449785618
2017-01-14 16:00:00,18.0,18.51255265119856,-0.5125526511985612
2017-01-14 17:00:00,24.0,27.083180417394033,-3.0831804173940327
2017-01-14 18:00:00,31.0,34.32870395451519,-3.3287039545151913
2017-01-14 19:00:00,38.0,42.722438921721576,-4.722438921721576
2017-01-14 20:00:00,41.0,47.36562540328984,-6.36562540328984
2017-01-14 21:00:00,44.0,52.59476538385364,-8.594765383853641
2017-01-14 22:00:00,37.0,46.07322459016831,-9.073224590168309
2017-01-14 23:00:00,31.0,39.85397372813948,-8.85397372813948
2017-01-15 00:00:00,37.0,40.0228171956161,-3.022817195616099
2017-01-15 01:00:00,32.0,36.28649770492855,-4.28649770492855
2017-01-15 02:00:00,48.0,51.25216410314563,-3.252164103145631
2017-01-15 03:00:00,35.0,38.0746233632336,-3.0746233632335986
2017-01-15 04:00:00,35.0,39.510727447182646,-4.510727447182646
2017-01-15 05:00:00,42.0,44.22181480237683,-2.2218148023768265
2017-01-15 06:00:00,22.0,27.02875923689635,-5.028759236896349
2017-01-15 07:00:00,26.0,30.06218909546253,-4.062189095462529
2017-01-15 08:00:00,17.0,21.555222026330142,-4.555222026330142
2017-01-15 09:00:00,23.0,26.358694773432134,-3.358694773432134
2017-01-15 10:00:00,22.0,26.989708350611807,-4.9897083506118065
2017-01-15 11:00:00,34.0,37.603636546012936,-3.603636546012936
2017-01-15 12:00:00,48.0,49.23270730796615,-1.2327073079661517
2017-01-15 13:00:00,49.0,50.191929580543174,-1.1919295805431744
2017-01-15 14:00:00,48.0,49.8382860282595,-1.8382860282595033
2017-01-15 15:00:00,53.0,56.27734794304449,-3.2773479430444894
2017-01-15 16:00:00,57.0,60.52787586374821,-3.527875863748207
2017-01-15 17:00:00,76.0,81.04971191053276,-5.049711910532764
2017-01-15 18:00:00,81.0,86.39068290417207,-5.390682904172067
2017-01-15 19:00:00,76.0,82.85401781951232,-6.854017819512322
2017-01-15 20:00:00,72.0,78.12232375991938,-6.122323759919382
2017-01-15 21:00:00,72.0,79.00839052625717,-7.008390526257173
2017-01-15 22:00:00,74.0,81.0428479430487,-7.042847943048699
2017-01-15 23:00:00,85.0,91.24747049883841,-6.24747049883841
2017-01-16 00:00:00,86.0,86.98935040217724,-0.9893504021772372
2017-01-16 01:00:00,92.0,92.32147719822568,-0.3214771982256792
2017-01-16 02:00:00,94.0,93.36031594380027,0.6396840561997266
2017-01-16 03:00:00,93.0,92.38653703824887,0.6134629617511251
2017-01-16 04:00:00,97.0,98.74060896622233,-1.7406089662223252
2017-01-16 05:00:00,97.0,97.47157555597194,-0.47157555597193834
2017-01-16 06:00:00,89.0,90.88507458432018,-1.8850745843201793
2017-01-16 07:00:00,90.0,91.62721317243832,-1.6272131724383172
2017-01-16 08:00:00,87.0,89.86675906660385,-2.866759066603848
2017-01-16 09:00:00,89.0,91.53176193461898,-2.5317619346189844
2017-01-16 10:00:00,66.0,69.5566068467155,-3.5566068467154963
2017-01-16 11:00:00,60.0,63.1796111730762,-3.1796111730761965
2017-01-16 12:00:00,72.0,75.32480223920372,-3.32480223920372
2017-01-16 13:00:00,71.0,73.08726246377047,-2.0872624637704718
2017-01-16 14:00:00,79.0,82.5421897357668,-3.5421897357667973
2017-01-16 15:00:00,96.0,97.69475847851528,-1.6947584785152827
2017-01-16 16:00:00,116.0,117.04299481689928,-1.0429948168992809
2017-01-16 17:00:00,122.0,122.17294356008487,-0.17294356008487455
2017-01-16 18:00:00,128.0,129.74534022367413,-1.745340223674134
2017-01-16 19:00:00,120.0,123.11822901495394,-3.11822901495394
2017-01-16 20:00:00,125.0,128.5640533744268,-3.5640533744268055
2017-01-16 21:00:00,138.0,141.88704077603694,-3.8870407760369403
2017-01-16 22:00:00,138.0,141.0535907531273,-3.0535907531273097
2017-01-16 23:00:00,120.0,124.62627936010607,-4.626279360106068
2017-01-17 00:00:00,127.0,126.14402310847466,0.8559768915253443
2017-01-17 01:00:00,141.0,138.6848812160399,2.315118783960088
2017-01-17 02:00:00,146.0,143.8623562406434,2.1376437593565925
2017-01-17 03:00:00,133.0,131.90325696121118,1.0967430387888157
2017-01-17 04:00:00,141.0,139.41158858624948,1.5884114137505208
2017-01-17 05:00:00,131.0,129.820988943648,1.1790110563520102
2017-01-17 06:00:00,120.0,119.34935091071544,0.6506490892845562
2017-01-17 07:00:00,111.0,112.60264852839838,-1.602648528398376
2017-01-17 08:00:00,138.0,138.22540567100873,-0.22540567100872977
2017-01-17 09:00:00,155.0,154.40313327108356,0.5968667289164387
2017-01-17 10:00:00,167.0,165.26421497549086,1.7357850245091413
2017-01-17 11:00:00,157.0,156.1953269016393,0.8046730983606949
2017-01-17 12:00:00,158.0,157.54621292697357,0.45378707302643306
2017-01-17 13:00:00,154.0,152.69038380950178,1.3096161904982182
2017-01-17 14:00:00,145.0,144.70485543048522,0.2951445695147754
2017-01-17 15:00:00,137.0,135.77789413892077,1.2221058610792284
2017-01-17 16:00:00,123.0,124.1200040435997,-1.1200040435997067
2017-01-17 17:00:00,155.0,156.61902405469232,-1.6190240546923178
2017-01-17 18:00:00,169.0,170.0126162866921,-1.0126162866920936
2017-01-17 19:00:00,165.0,166.44866559877715,-1.4486655987771542
2017-01-17 20:00:00,167.0,169.19224614155598,-2.1922461415559837
2017-01-17 21:00:00,170.0,172.46005925784738,-2.4600592578473766
2017-01-17 22:00:00,171.0,174.76309702965415,-3.7630970296541477
2017-01-18 11:00:00,26.0,26.03969306340602,-0.039693063406019746
2017-01-18 12:00:00,22.0,23.3966906017191,-1.3966906017191008
2017-01-18 13:00:00,21.0,23.73017597903123,-2.7301759790312303
2017-01-18 14:00:00,20.0,24.49642655894482,-4.496426558944819
2017-01-18 15:00:00,35.0,38.92142441021501,-3.9214244102150104
2017-01-18 16:00:00,49.0,53.2449717560886,-4.244971756088603
2017-01-18 17:00:00,57.0,61.387405302730016,-4.387405302730016
2017-01-18 18:00:00,50.0,56.4730707242352,-6.4730707242352
2017-01-18 19:00:00,46.0,53.06794515107126,-7.067945151071257
2017-01-18 20:00:00,43.0,50.30157166375375,-7.301571663753748
2017-01-18 21:00:00,50.0,58.030284281603585,-8.030284281603585
2017-01-18 22:00:00,55.0,62.64056754852284,-7.640567548522839
2017-01-18 23:00:00,54.0,62.69297353926298,-8.69297353926298
2017-01-19 00:00:00,64.0,66.29372430216954,-2.2937243021695366
2017-01-19 01:00:00,76.0,78.1279669984337,-2.127966998433706
2017-01-19 02:00:00,87.0,89.26583920365069,-2.2658392036506854
2017-01-19 09:00:00,103.0,102.31570490735213,0.6842950926478721
2017-01-19 10:00:00,34.0,32.78425376386184,1.215746236138159
2017-01-19 11:00:00,12.0,10.918077814096137,1.0819221859038635
2017-01-19 12:00:00,12.0,10.294376165265604,1.7056238347343964
2017-01-19 13:00:00,12.0,8.366953448404374,3.6330465515956263
2017-01-19 14:00:00,9.0,4.166194527991976,4.833805472008024
2017-01-19 15:00:00,9.0,7.288891952099476,1.7111080479005238
2017-01-19 16:00:00,9.0,7.870436843837595,1.1295631561624049
2017-01-19 17:00:00,10.0,9.736399564970938,0.26360043502906194
2017-01-19 18:00:00,12.0,13.377496393305847,-1.3774963933058473
2017-01-19 19:00:00,11.0,10.802575121041329,0.197424878958671
2017-01-19 20:00:00,11.0,11.876867050356054,-0.8768670503560543
2017-01-19 21:00:00,11.0,11.60128328473995,-0.6012832847399494
2017-01-19 22:00:00,14.0,16.404614166734106,-2.404614166734106
2017-01-19 23:00:00,8.0,11.112866972625966,-3.112866972625966
2017-01-20 00:00:00,10.0,7.802735585926797,2.197264414073203
2017-01-20 01:00:00,8.0,7.567973490462947,0.432026509537053
2017-01-20 02:00:00,8.0,4.493029247372917,3.5069707526270832
2017-01-20 03:00:00,8.0,4.9940394041947656,3.0059605958052344
2017-01-20 04:00:00,5.0,4.27109748796299,0.7289025120370098
2017-01-20 05:00:00,7.0,6.1829604964891445,0.8170395035108555
2017-01-20 06:00:00,8.0,8.848143954088101,-0.8481439540881013
2017-01-20 07:00:00,10.0,12.138839554301555,-2.138839554301555
2017-01-20 08:00:00,11.0,14.0879274856985,-3.0879274856985006
2017-01-20 09:00:00,12.0,14.875551335506628,-2.8755513355066284
2017-01-20 10:00:00,16.0,18.7367656470432,-2.7367656470431996
2017-01-20 11:00:00,17.0,21.065570759263863,-4.0655707592638635
2017-01-20 12:00:00,21.0,24.010763842583074,-3.0107638425830743
2017-01-20 13:00:00,18.0,20.755556140864655,-2.7555561408646554
2017-01-20 14:00:00,19.0,19.7975805016666,-0.7975805016666015
2017-01-20 15:00:00,17.0,18.570653419609926,-1.5706534196099255
2017-01-20 16:00:00,26.0,27.390222454551107,-1.3902224545511075
2017-01-20 17:00:00,24.0,25.978917404453156,-1.9789174044531563
2017-01-20 18:00:00,27.0,29.47440366352636,-2.4744036635263598
2017-01-20 19:00:00,37.0,40.58790188940682,-3.5879018894068224
2017-01-20 20:00:00,45.0,49.77602170597132,-4.776021705971317
2017-01-20 21:00:00,45.0,50.82349112829297,-5.8234911282929716
2017-01-20 22:00:00,53.0,59.29676104444199,-6.296761044441993
2017-01-20 23:00:00,64.0,70.33610473565601,-6.336104735656008
2017-01-21 00:00:00,68.0,68.11168430509595,-0.11168430509594884
2017-01-21 01:00:00,70.0,70.26878956616592,-0.2687895661659212
2017-01-21 02:00:00,81.0,82.99873266084451,-1.9987326608445102
2017-01-21 03:00:00,90.0,90.53763011535732,-0.5376301153573166
2017-01-21 04:00:00,90.0,90.712339525876,-0.7123395258760041
2017-01-21 05:00:00,69.0,70.75362196050655,-1.7536219605065497
2017-01-21 06:00:00,32.0,33.234335342145556,-1.234335342145556
2017-01-21 07:00:00,11.0,12.677192270390663,-1.6771922703906625
2017-01-21 08:00:00,5.0,5.9907523793560244,-0.9907523793560244
2017-01-21 09:00:00,6.0,4.727355128485655,1.2726448715143448
2017-01-21 10:00:00,7.0,4.293307781081424,2.706692218918576
2017-01-21 11:00:00,7.0,3.2349865360710623,3.7650134639289377
2017-01-21 12:00:00,11.0,7.368926589354473,3.631073410645527
2017-01-21 13:00:00,6.0,3.693394705453173,2.306605294546827
2017-01-21 14:00:00,5.0,1.806176278090561,3.193823721909439
2017-01-21 15:00:00,5.0,2.699138242417561,2.300861757582439
2017-01-21 16:00:00,9.0,6.527891965278542,2.472108034721458
2017-01-21 17:00:00,8.0,7.2117147495430345,0.7882852504569655
2017-01-21 18:00:00,12.0,11.85782027278961,0.14217972721039018
2017-01-21 19:00:00,11.0,11.235171476902849,-0.235171476902849
2017-01-21 20:00:00,13.0,15.503160174752622,-2.5031601747526224
2017-01-21 21:00:00,15.0,18.23585023743027,-3.2358502374302702
2017-01-21 22:00:00,10.0,14.534696586026868,-4.534696586026868
2017-01-21 23:00:00,11.0,16.782884649677158,-5.7828846496771575
2017-01-22 00:00:00,9.0,10.408441147654912,-1.4084411476549121
2017-01-22 01:00:00,13.0,13.659094807857258,-0.659094807857258
2017-01-22 02:00:00,14.0,15.089355141373304,-1.0893551413733036
2017-01-22 03:00:00,12.0,12.472030174601159,-0.4720301746011586
2017-01-22 04:00:00,14.0,15.401245553383546,-1.4012455533835464
2017-01-22 05:00:00,15.0,16.066823124496395,-1.0668231244963948
2017-01-22 06:00:00,14.0,17.3563106018009,-3.3563106018008995
2017-01-22 07:00:00,12.0,15.209217033601433,-3.2092170336014334
2017-01-22 08:00:00,11.0,15.3858615094275,-4.3858615094274995
2017-01-22 09:00:00,11.0,12.929657404427829,-1.9296574044278287
2017-01-22 10:00:00,16.0,17.3643993300675,-1.3643993300674992
2017-01-22 11:00:00,21.0,22.87153801375503,-1.8715380137550284
2017-01-22 12:00:00,16.0,17.324478412721888,-1.3244784127218878
2017-01-22 13:00:00,17.0,19.56331363739254,-2.5633136373925396
2017-01-22 14:00:00,18.0,21.22004119113548,-3.220041191135479
2017-01-22 15:00:00,21.0,24.19137789521531,-3.191377895215311
2017-01-22 16:00:00,29.0,32.04751110356436,-3.0475111035643607
2017-01-22 17:00:00,47.0,49.4818398140868,-2.481839814086797
2017-01-22 18:00:00,65.0,68.52404109530742,-3.5240410953074246
2017-01-22 19:00:00,72.0,74.715515501913,-2.7155155019130035
2017-01-22 20:00:00,46.0,51.69764348633687,-5.697643486336872
2017-01-22 21:00:00,30.0,37.640978919714655,-7.640978919714655
2017-01-22 22:00:00,31.0,39.200400343248646,-8.200400343248646
2017-01-22 23:00:00,26.0,33.63565514627895,-7.63565514627895
2017-01-23 00:00:00,24.0,24.55184423367497,-0.55184423367497
2017-01-23 01:00:00,22.0,23.509520282349868,-1.5095202823498681
2017-01-23 02:00:00,20.0,20.821881171006183,-0.8218811710061829
2017-01-23 03:00:00,17.0,18.47606414438549,-1.4760641443854894
2017-01-23 04:00:00,15.0,17.01913773105268,-2.0191377310526804
2017-01-23 05:00:00,12.0,13.677424353826737,-1.677424353826737
2017-01-23 06:00:00,11.0,13.803247443289209,-2.8032474432892087
2017-01-23 07:00:00,12.0,15.720603027748425,-3.7206030277484246
2017-01-23 08:00:00,12.0,15.257640664087432,-3.2576406640874325
2017-01-23 09:00:00,13.0,16.090694901808774,-3.0906949018087744
2017-01-23 10:00:00,17.0,19.61190561348799,-2.611905613487991
2017-01-23 11:00:00,18.0,20.020965656628334,-2.0209656566283343
2017-01-23 12:00:00,16.0,17.306214544022993,-1.3062145440229926
2017-01-23 13:00:00,19.0,20.176007741483474,-1.176007741483474
2017-01-23 14:00:00,21.0,23.685362234059653,-2.685362234059653
2017-01-23 15:00:00,27.0,28.6549699442061,-1.6549699442061012
2017-01-23 16:00:00,39.0,39.64530784053558,-0.6453078405355797
2017-01-23 17:00:00,34.0,38.70929561510795,-4.709295615107948
2017-01-23 18:00:00,39.0,43.49354318299402,-4.493543182994017
2017-01-23 19:00:00,47.0,53.41609302939581,-6.41609302939581
2017-01-23 20:00:00,68.0,74.29874586148283,-6.2987458614828284
2017-01-23 21:00:00,80.0,86.41792475132736,-6.417924751327362
2017-01-23 22:00:00,84.0,91.83998439805823,-7.839984398058235
2017-01-23 23:00:00,95.0,104.20912411582198,-9.209124115821979
2017-01-24 00:00:00,97.0,100.52660711025156,-3.526607110251561
2017-01-24 01:00:00,95.0,99.85176046739757,-4.851760467397568
2017-01-24 02:00:00,89.0,91.61693725154974,-2.616937251549743
2017-01-24 03:00:00,93.0,96.61407813060036,-3.6140781306003618
2017-01-24 04:00:00,105.0,107.38467771540984,-2.384677715409836
2017-01-24 05:00:00,100.0,102.1124470922475,-2.112447092247507
2017-01-24 06:00:00,72.0,75.17421635850236,-3.1742163585023633
2017-01-24 07:00:00,51.0,54.58933841400467,-3.589338414004672
2017-01-24 08:00:00,27.0,31.36328495294127,-4.363284952941271
2017-01-24 09:00:00,28.0,31.295041377696904,-3.2950413776969043
2017-01-24 10:00:00,29.0,32.87333926205483,-3.8733392620548273
2017-01-24 11:00:00,44.0,47.615297295225815,-3.6152972952258153
2017-01-24 12:00:00,53.0,56.33505096663937,-3.335050966639372
2017-01-24 13:00:00,68.0,70.40768681206417,-2.4076868120641706
2017-01-24 14:00:00,71.0,74.42589938332596,-3.4258993833259552
2017-01-24 15:00:00,86.0,88.03319449374375,-2.03319449374375
2017-01-24 16:00:00,109.0,112.20992452729259,-3.2099245272925856
2017-01-24 17:00:00,120.0,123.5745984318613,-3.574598431861304
2017-01-24 18:00:00,122.0,126.72691699403428,-4.7269169940342834
2017-01-24 19:00:00,130.0,134.8093530797774,-4.809353079777395
2017-01-24 20:00:00,134.0,138.94403302680968,-4.944033026809677
2017-01-24 21:00:00,128.0,132.9273970337223,-4.927397033722286
2017-01-24 22:00:00,120.0,124.95227555129135,-4.9522755512913506
2017-01-24 23:00:00,128.0,133.07861814329834,-5.078618143298343
2017-01-25 00:00:00,134.0,133.7034400544082,0.29655994559180954
2017-01-25 01:00:00,152.0,152.01936152803893,-0.0193615280389281
2017-01-25 02:00:00,169.0,167.31391079077815,1.6860892092218478
2017-01-25 03:00:00,202.0,199.39274681751164,2.607253182488364
2017-01-25 04:00:00,220.0,217.96794180202966,2.0320581979703434
2017-01-25 05:00:00,208.0,205.02399283720882,2.976007162791177
2017-01-25 06:00:00,191.0,188.64696469178807,2.353035308211929
2017-01-25 07:00:00,156.0,155.6081667080536,0.3918332919463978
2017-01-25 08:00:00,160.0,160.19879067300332,-0.198790673003316
2017-01-25 09:00:00,154.0,155.34986734452588,-1.349867344525876
2017-01-25 10:00:00,164.0,164.36191840688377,-0.36191840688377397
2017-01-25 11:00:00,136.0,135.83821503416675,0.16178496583324886
2017-01-25 12:00:00,143.0,142.11594344876352,0.8840565512364833
2017-01-25 15:00:00,164.0,163.42304516657435,0.5769548334256456
2017-01-25 16:00:00,162.0,162.72154208841653,-0.7215420884165269
2017-01-25 17:00:00,176.0,177.94218102790876,-1.9421810279087595
2017-01-25 18:00:00,200.0,202.03428738473343,-2.0342873847334317
2017-01-25 19:00:00,194.0,196.34514786916031,-2.3451478691603143
2017-01-25 20:00:00,208.0,209.3981745525873,-1.3981745525873066
2017-01-25 21:00:00,224.0,225.34969917702534,-1.349699177025343
2017-01-25 22:00:00,236.0,237.60770668894838,-1.607706688948383
2017-01-25 23:00:00,253.0,252.38979370542575,0.6102062945742546
2017-01-26 00:00:00,260.0,252.48629885703656,7.513701142963441
2017-01-26 01:00:00,269.0,261.38920982774,7.61079017226001
2017-01-26 02:00:00,295.0,285.17395746507117,9.826042534928831
2017-01-26 03:00:00,321.0,310.5216655184536,10.478334481546426
2017-01-26 04:00:00,326.0,316.29062676523364,9.70937323476636
2017-01-26 05:00:00,318.0,307.7202626735054,10.279737326494626
2017-01-26 06:00:00,288.0,279.08215338315966,8.917846616840336
2017-01-26 07:00:00,246.0,240.26521881704178,5.734781182958216
2017-01-26 08:00:00,238.0,233.60282581591434,4.397174184085657
2017-01-26 09:00:00,248.0,242.69729043988644,5.302709560113556
2017-01-26 10:00:00,262.0,256.4559812632399,5.544018736760108
2017-01-26 11:00:00,270.0,262.5427896938335,7.457210306166473
2017-01-26 12:00:00,259.0,253.59475177695123,5.405248223048773
2017-01-26 13:00:00,209.0,205.16651415842506,3.833485841574941
2017-01-26 14:00:00,96.0,94.22312315505359,1.7768768449464147
2017-01-26 15:00:00,51.0,49.838627739824375,1.1613722601756251
2017-01-26 16:00:00,8.0,8.008683874603193,-0.008683874603192976
2017-01-26 17:00:00,7.0,7.189565663880941,-0.18956566388094132
2017-01-26 18:00:00,10.0,9.929548882271916,0.07045111772808355
2017-01-26 19:00:00,9.0,10.51947227307106,-1.5194722730710595
2017-01-26 20:00:00,11.0,10.789983663871155,0.21001633612884518
2017-01-26 21:00:00,7.0,7.605642068343869,-0.6056420683438688
2017-01-26 22:00:00,4.0,7.2713134438049,-3.2713134438048996
2017-01-26 23:00:00,10.0,15.369604986170117,-5.369604986170117
2017-01-27 00:00:00,11.0,11.215922161107855,-0.215922161107855
2017-01-27 01:00:00,11.0,12.950361151421902,-1.9503611514219017
2017-01-27 02:00:00,13.0,15.011959435177133,-2.0119594351771326
2017-01-27 03:00:00,10.0,11.614674189093776,-1.6146741890937761
2017-01-27 04:00:00,6.0,8.550185934599511,-2.5501859345995115
2017-01-27 05:00:00,9.0,10.49861389048553,-1.4986138904855295
2017-01-27 06:00:00,11.0,13.739696430784676,-2.739696430784676
2017-01-27 07:00:00,11.0,14.891781553691956,-3.891781553691956
2017-01-27 08:00:00,11.0,14.737030758346663,-3.7370307583466627
2017-01-27 09:00:00,15.0,19.49778697464356,-4.49778697464356
2017-01-27 10:00:00,24.0,23.841748409509165,0.15825159049083481
2017-01-27 11:00:00,28.0,25.911114427630693,2.088885572369307
2017-01-27 12:00:00,37.0,34.50828884059875,2.491711159401248
2017-01-27 16:00:00,53.0,51.55544326314083,1.4445567368591696
2017-01-27 17:00:00,58.0,56.109806783165766,1.8901932168342341
2017-01-27 18:00:00,61.0,63.03040662118859,-2.0304066211885896
2017-01-27 19:00:00,87.0,89.23167820077275,-2.2316782007727483
2017-01-27 20:00:00,118.0,118.347543196904,-0.3475431969039988
2017-01-27 21:00:00,179.0,177.415282802719,1.5847171972810088
2017-01-27 22:00:00,240.0,237.17878662301757,2.8212133769824277
2017-01-27 23:00:00,278.0,272.76979228661105,5.23020771338895
2017-01-28 00:00:00,305.0,292.43851306738645,12.561486932613548
2017-01-28 01:00:00,576.0,556.3603640333281,19.639635966671904
2017-01-28 02:00:00,641.0,613.9557671105146,27.044232889485443
2017-01-28 03:00:00,651.0,623.8885486424028,27.11145135759716
2017-01-28 04:00:00,682.0,653.0444640550822,28.955535944917756
2017-01-28 05:00:00,713.0,682.9372819442583,30.062718055741698
2017-01-28 06:00:00,697.0,664.7914771445851,32.20852285541491
2017-01-28 07:00:00,462.0,441.83605615109855,20.163943848901454
2017-01-28 08:00:00,383.0,369.1763195658896,13.823680434110372
2017-01-28 09:00:00,374.0,359.85478315838304,14.145216841616957
2017-01-28 10:00:00,323.0,312.1074461894542,10.892553810545792
2017-01-28 11:00:00,257.0,249.7058949081972,7.294105091802805
2017-01-28 12:00:00,249.0,241.47064565772763,7.52935434227237
2017-01-28 13:00:00,244.0,236.975772419426,7.024227580574006
2017-01-28 14:00:00,238.0,231.02918878082193,6.970811219178074
2017-01-28 15:00:00,242.0,235.00433531638976,6.995664683610244
2017-01-28 16:00:00,243.0,237.22152517787674,5.778474822123258
2017-01-28 17:00:00,247.0,241.52058802753191,5.479411972468085
2017-01-28 18:00:00,246.0,242.33458604564447,3.665413954355529
2017-01-28 19:00:00,243.0,239.36438896971134,3.6356110302886577
2017-01-28 20:00:00,242.0,238.38709078964166,3.612909210358339
2017-01-28 21:00:00,258.0,255.32529503239908,2.674704967600917
2017-01-28 22:00:00,273.0,270.28565248461496,2.714347515385043
2017-01-28 23:00:00,307.0,303.6626106745435,3.3373893254565132
2017-01-29 00:00:00,297.0,287.8603239665194,9.139676033480612
2017-01-29 01:00:00,292.0,283.5296745084501,8.470325491549886
2017-01-29 02:00:00,203.0,194.43898215533017,8.561017844669834
2017-01-29 03:00:00,11.0,7.76500416414369,3.23499583585631
2017-01-29 04:00:00,3.0,-0.4600336067359052,3.460033606735905
2017-01-29 05:00:00,9.0,7.1450654954224575,1.8549345045775425
2017-01-29 06:00:00,9.0,2.6703152513599235,6.3296847486400765
2017-01-29 07:00:00,10.0,5.683876014431533,4.316123985568467
2017-01-29 08:00:00,10.0,8.786357839513954,1.213642160486046
2017-01-29 09:00:00,11.0,6.125779414153115,4.874220585846885
2017-01-29 10:00:00,10.0,8.055142595473058,1.9448574045269424
2017-01-29 11:00:00,12.0,8.933537573475718,3.066462426524282
2017-01-29 12:00:00,7.0,3.736700172032698,3.263299827967302
2017-01-29 13:00:00,15.0,11.938513904172922,3.061486095827078
2017-01-29 14:00:00,15.0,10.881971027506282,4.118028972493718
2017-01-29 15:00:00,8.0,7.842894505441137,0.1571054945588628
2017-01-29 16:00:00,13.0,9.989108169838673,3.010891830161327
2017-01-29 17:00:00,11.0,11.527617350893067,-0.5276173508930668
2017-01-29 18:00:00,11.0,12.25576938477279,-1.2557693847727904
2017-01-29 19:00:00,3.0,2.6789658171273345,0.3210341828726655
2017-01-29 20:00:00,8.0,10.392930597757257,-2.392930597757257
2017-01-29 21:00:00,9.0,8.651170620216561,0.34882937978343875
2017-01-29 22:00:00,7.0,6.087537346399387,0.9124626536006133
2017-01-29 23:00:00,10.0,10.36870439866702,-0.3687043986670204
2017-01-30 00:00:00,8.0,2.897968346600365,5.102031653399635
2017-01-30 01:00:00,9.0,4.790911026773756,4.209088973226244
2017-01-30 02:00:00,7.0,3.386492302034142,3.613507697965858
2017-01-30 03:00:00,9.0,5.679726699920025,3.3202733000799753
2017-01-30 04:00:00,8.0,5.828044936709048,2.1719550632909517
2017-01-30 05:00:00,5.0,3.0610750582980444,1.9389249417019556
2017-01-30 06:00:00,7.0,5.92686508180536,1.07313491819464
2017-01-30 07:00:00,9.0,9.419260250213284,-0.4192602502132843
2017-01-30 08:00:00,8.0,8.392716632992162,-0.39271663299216186
2017-01-30 09:00:00,6.0,6.853432524432435,-0.853432524432435
2017-01-30 10:00:00,12.0,12.454191457011603,-0.45419145701160346
2017-01-30 11:00:00,4.0,3.8974360168123923,0.10256398318760773
2017-01-30 12:00:00,4.0,2.765402582857874,1.2345974171421261
2017-01-30 13:00:00,3.0,2.846599046183755,0.15340095381624508
2017-01-30 14:00:00,8.0,8.214145070039649,-0.214145070039649
2017-01-30 15:00:00,9.0,8.593241638143027,0.4067583618569728
2017-01-30 16:00:00,9.0,8.372903804255785,0.6270961957442154
2017-01-30 17:00:00,35.0,32.95177728860621,2.048222711393791
2017-01-30 18:00:00,126.0,122.70228167736362,3.297718322636385
2017-01-30 19:00:00,71.0,69.48664404290737,1.513355957092628
2017-01-30 20:00:00,64.0,62.11365672895364,1.886343271046357
2017-01-30 21:00:00,57.0,55.016910802641405,1.983089197358595
2017-01-30 22:00:00,59.0,58.05939026125607,0.9406097387439303
2017-01-30 23:00:00,70.0,69.3255215294722,0.6744784705278022
2017-01-31 00:00:00,70.0,64.11519666078182,5.88480333921818
2017-01-31 01:00:00,78.0,71.26065200531828,6.739347994681722
2017-01-31 02:00:00,86.0,79.41766816128548,6.5823318387145235
2017-01-31 03:00:00,95.0,89.38621017070854,5.613789829291463
2017-01-31 04:00:00,98.0,93.91656792332348,4.083432076676516
2017-01-31 05:00:00,104.0,100.63384325794563,3.366156742054372
2017-01-31 06:00:00,86.0,85.74771004062659,0.2522899593734138
2017-01-31 07:00:00,94.0,93.04570040966793,0.9542995903320701
2017-01-31 08:00:00,93.0,93.49715949539562,-0.4971594953956213
2017-01-31 09:00:00,100.0,99.66951635648003,0.33048364351996895
2017-01-31 10:00:00,85.0,83.05861452403356,1.9413854759664417
2017-01-31 11:00:00,81.0,79.24892459666363,1.7510754033363725
2017-01-31 12:00:00,79.0,77.76713881577187,1.2328611842281276
2017-01-31 13:00:00,68.0,67.31647253458071,0.6835274654192887
2017-01-31 14:00:00,50.0,49.319137618347455,0.6808623816525454
2017-01-31 15:00:00,55.0,54.89823933106112,0.10176066893887992
2017-01-31 16:00:00,72.0,71.27411847800575,0.7258815219942534
2017-01-31 17:00:00,80.0,79.01008860571751,0.9899113942824869
2017-01-31 18:00:00,72.0,72.00936262775899,-0.009362627758989106
2017-01-31 19:00:00,91.0,92.6089331492786,-1.6089331492785988
2017-01-31 20:00:00,73.0,77.69357909892294,-4.693579098922939
2017-01-31 21:00:00,24.0,26.235699214854918,-2.235699214854918
2017-01-31 22:00:00,10.0,11.82067551438763,-1.8206755143876308
2017-01-31 23:00:00,3.0,7.170853927582627,-4.170853927582627
2017-02-01 00:00:00,5.0,2.684461650222687,2.315538349777313
2017-02-01 01:00:00,5.0,2.048594862671422,2.951405137328578
2017-02-01 02:00:00,7.0,6.238954516066713,0.7610454839332874
2017-02-01 03:00:00,6.0,5.29115682045564,0.7088431795443597
2017-02-01 04:00:00,8.0,7.975384228405204,0.024615771594795888
2017-02-01 05:00:00,8.0,9.715046796561253,-1.7150467965612535
2017-02-01 06:00:00,6.0,7.685737531036665,-1.685737531036665
2017-02-01 07:00:00,5.0,8.034441802116646,-3.034441802116646
2017-02-01 08:00:00,7.0,8.801325010816598,-1.8013250108165977
2017-02-01 09:00:00,9.0,9.173376896109161,-0.1733768961091613
2017-02-01 10:00:00,10.0,8.489265953444558,1.5107340465554415
2017-02-01 11:00:00,6.0,5.0239610381421755,0.9760389618578245
2017-02-01 12:00:00,9.0,8.660221173402391,0.33977882659760894
2017-02-01 13:00:00,15.0,15.649288804484613,-0.6492888044846126
2017-02-01 14:00:00,8.0,8.464487155888193,-0.4644871558881931
2017-02-01 15:00:00,10.0,10.457588543373916,-0.45758854337391597
2017-02-01 16:00:00,17.0,17.3156169981535,-0.3156169981535015
2017-02-01 17:00:00,20.0,21.30671601720492,-1.30671601720492
2017-02-01 18:00:00,3.0,8.008565602913905,-5.0085656029139045
2017-02-01 20:00:00,89.0,88.12215018226628,0.8778498177337184
2017-02-01 21:00:00,126.0,128.11746630940837,-2.117466309408371
2017-02-01 22:00:00,129.0,130.62311249818873,-1.623112498188732
2017-02-01 23:00:00,146.0,150.38794070470055,-4.387940704700554
2017-02-02 00:00:00,154.0,152.38937775697696,1.6106222430230446
2017-02-02 01:00:00,124.0,124.81060729521819,-0.8106072952181904
2017-02-02 02:00:00,133.0,134.22364506025127,-1.2236450602512718
2017-02-02 03:00:00,121.0,121.10447564271239,-0.10447564271238718
2017-02-02 04:00:00,37.0,38.59157736971231,-1.5915773697123115
2017-02-02 05:00:00,34.0,36.31954630452647,-2.319546304526469
2017-02-02 06:00:00,31.0,35.533945158705166,-4.533945158705166
2017-02-02 07:00:00,38.0,40.88360752462289,-2.8836075246228887
2017-02-02 08:00:00,37.0,41.186243043296884,-4.186243043296884
2017-02-02 09:00:00,42.0,45.018464921243975,-3.018464921243975
2017-02-02 10:00:00,41.0,42.80589050296115,-1.805890502961148
2017-02-02 11:00:00,51.0,51.77243472248914,-0.7724347224891375
2017-02-02 12:00:00,58.0,58.29348393933948,-0.293483939339481
2017-02-02 13:00:00,61.0,61.28820249222035,-0.2882024922203499
2017-02-02 14:00:00,63.0,62.94776030797421,0.05223969202579326
2017-02-02 15:00:00,70.0,70.12723163628796,-0.1272316362879593
2017-02-02 16:00:00,71.0,72.92062628038862,-1.9206262803886176
2017-02-02 17:00:00,72.0,76.19854336618464,-4.198543366184637
2017-02-02 18:00:00,87.0,91.56443580806221,-4.564435808062214
2017-02-02 19:00:00,119.0,121.99069783603979,-2.990697836039786
2017-02-02 20:00:00,132.0,136.44163668629415,-4.441636686294146
2017-02-02 21:00:00,147.0,152.2683819571556,-5.268381957155611
2017-02-02 22:00:00,150.0,155.63759693397054,-5.637596933970542
2017-02-02 23:00:00,156.0,161.0401523475889,-5.040152347588901
2017-02-03 00:00:00,148.0,148.56775348094516,-0.5677534809451572
2017-02-03 01:00:00,145.0,145.9485627003403,-0.9485627003402897
2017-02-03 02:00:00,166.0,165.19148533546576,0.8085146645342434
2017-02-03 03:00:00,168.0,167.8610581713288,0.13894182867119298
2017-02-03 04:00:00,140.0,141.62907113886456,-1.6290711388645605
2017-02-03 05:00:00,112.0,113.05972749435792,-1.0597274943579151
2017-02-03 06:00:00,103.0,103.57583220588562,-0.575832205885618
2017-02-03 07:00:00,100.0,101.78444548470954,-1.7844454847095363
2017-02-03 08:00:00,102.0,104.36091196885299,-2.3609119688529887
2017-02-03 09:00:00,97.0,97.84761717436903,-0.8476171743690344
2017-02-03 10:00:00,63.0,63.75102557832243,-0.7510255783224267
2017-02-03 11:00:00,66.0,65.4974993327183,0.5025006672816943
2017-02-03 12:00:00,79.0,79.35651719228899,-0.35651719228899026
2017-02-03 13:00:00,103.0,103.44331529220086,-0.4433152922008645
2017-02-03 14:00:00,116.0,115.27627192117798,0.7237280788220204
2017-02-03 15:00:00,127.0,126.86453326584605,0.13546673415395105
2017-02-03 16:00:00,156.0,157.51713599385033,-1.5171359938503315
2017-02-03 17:00:00,219.0,217.93524760454125,1.064752395458754
2017-02-03 18:00:00,232.0,230.30694403133424,1.6930559686657602
2017-02-03 19:00:00,245.0,242.9364299077024,2.0635700922975957
2017-02-03 20:00:00,251.0,249.8065029219543,1.1934970780457093
2017-02-03 21:00:00,299.0,296.1090458225517,2.890954177448293
2017-02-03 22:00:00,319.0,312.8145068575474,6.185493142452572
2017-02-03 23:00:00,317.0,310.733197473068,6.266802526931997
2017-02-04 00:00:00,321.0,311.1755087416933,9.824491258306693
2017-02-04 01:00:00,316.0,308.84683893580484,7.15316106419516
2017-02-04 02:00:00,317.0,308.992095717307,8.007904282693005
2017-02-04 03:00:00,339.0,328.79694693116846,10.203053068831537
2017-02-04 04:00:00,351.0,340.4101273102357,10.58987268976432
2017-02-04 05:00:00,343.0,332.87817150104974,10.121828498950265
2017-02-04 06:00:00,359.0,346.9796764421201,12.02032355787992
2017-02-04 07:00:00,331.0,321.45889089637643,9.541109103623569
2017-02-04 08:00:00,311.0,302.7281237555572,8.271876244442808
2017-02-04 09:00:00,303.0,294.66963831470963,8.33036168529037
2017-02-04 10:00:00,288.0,279.48156158577285,8.518438414227148
2017-02-04 11:00:00,281.0,273.15752843106316,7.842471568936844
2017-02-04 12:00:00,300.0,290.87800502542035,9.12199497457965
2017-02-04 13:00:00,284.0,275.463884618107,8.536115381893012
2017-02-04 14:00:00,251.0,244.41559524552093,6.584404754479067
2017-02-04 15:00:00,213.0,208.24068949216064,4.759310507839359
2017-02-04 16:00:00,258.0,256.4469126792481,1.5530873207518994
2017-02-04 17:00:00,348.0,340.00335267883287,7.996647321167131
2017-02-04 18:00:00,327.0,320.9357332354157,6.064266764584318
2017-02-04 19:00:00,279.0,273.85339973329485,5.14660026670515
2017-02-04 20:00:00,82.0,81.33475344296222,0.6652465570377757
2017-02-04 21:00:00,25.0,25.160416173224064,-0.1604161732240641
2017-02-04 22:00:00,9.0,10.59498946954676,-1.5949894695467606
2017-02-04 23:00:00,8.0,10.16422899614659,-2.1642289961465906
2017-02-05 00:00:00,10.0,8.857994411851266,1.1420055881487343
2017-02-05 01:00:00,11.0,11.227101625309714,-0.22710162530971445
2017-02-05 02:00:00,17.0,18.89157876091849,-1.8915787609184918
2017-02-05 03:00:00,17.0,18.924433332605105,-1.9244333326051049
2017-02-05 04:00:00,19.0,20.22085465978391,-1.2208546597839103
2017-02-05 05:00:00,20.0,19.230075842702036,0.7699241572979645
2017-02-05 06:00:00,18.0,18.23969152548193,-0.2396915254819305
2017-02-05 07:00:00,15.0,14.449928974864164,0.5500710251358356
2017-02-05 08:00:00,10.0,8.502372153047006,1.4976278469529944
2017-02-05 09:00:00,8.0,8.214059846255935,-0.21405984625593533
2017-02-05 10:00:00,7.0,6.151353208606935,0.8486467913930653
2017-02-05 11:00:00,10.0,7.61823345194496,2.3817665480550403
2017-02-05 12:00:00,8.0,6.451765752952866,1.5482342470471337
2017-02-05 13:00:00,9.0,7.075768179169003,1.9242318208309968
2017-02-05 14:00:00,9.0,4.8609763922418665,4.1390236077581335
2017-02-05 15:00:00,9.0,6.892973230946765,2.1070267690532347
2017-02-05 16:00:00,18.0,16.507558263636113,1.4924417363638867
2017-02-05 17:00:00,18.0,16.842962634824588,1.1570373651754124
2017-02-05 18:00:00,10.0,10.812901667636666,-0.812901667636666
2017-02-05 19:00:00,7.0,8.327003122962722,-1.3270031229627222
2017-02-05 20:00:00,7.0,8.277065076479118,-1.2770650764791185
2017-02-05 21:00:00,9.0,13.224508699067684,-4.224508699067684
2017-02-05 22:00:00,8.0,12.26353117173997,-4.26353117173997
2017-02-05 23:00:00,11.0,14.356001546649537,-3.356001546649537
2017-02-06 00:00:00,8.0,5.619616198197434,2.380383801802566
2017-02-06 01:00:00,10.0,8.479759360721062,1.5202406392789385
2017-02-06 02:00:00,9.0,6.926601809417363,2.073398190582637
2017-02-06 03:00:00,6.0,4.9322636662925134,1.0677363337074866
2017-02-06 04:00:00,5.0,3.991145265386322,1.0088547346136778
2017-02-06 05:00:00,7.0,5.2245822275069145,1.7754177724930855
2017-02-06 06:00:00,3.0,2.9718155823999552,0.028184417600044753
2017-02-06 07:00:00,6.0,6.963754805212091,-0.9637548052120906
2017-02-06 08:00:00,5.0,7.677437309032655,-2.677437309032655
2017-02-06 09:00:00,7.0,6.456089761870857,0.5439102381291434
2017-02-06 10:00:00,6.0,5.154903727884303,0.8450962721156969
2017-02-06 11:00:00,7.0,5.688714793911018,1.3112852060889821
2017-02-06 12:00:00,5.0,4.180498442222586,0.8195015577774143
2017-02-06 13:00:00,3.0,2.657267081562594,0.34273291843740594
2017-02-06 14:00:00,3.0,3.0911270191973443,-0.09112701919734434
2017-02-06 15:00:00,4.0,6.019816798128375,-2.0198167981283746
2017-02-06 16:00:00,6.0,7.5984652635480785,-1.5984652635480785
2017-02-06 17:00:00,13.0,15.679847315346748,-2.6798473153467484
2017-02-06 18:00:00,7.0,11.521772032819669,-4.521772032819669
2017-02-06 19:00:00,21.0,25.381739689384403,-4.381739689384403
2017-02-06 20:00:00,26.0,29.59130214535466,-3.5913021453546605
2017-02-06 21:00:00,30.0,34.54288928270719,-4.542889282707193
2017-02-06 22:00:00,38.0,43.389270830629215,-5.389270830629215
2017-02-06 23:00:00,35.0,41.665989335030005,-6.665989335030005
2017-02-07 00:00:00,40.0,41.017119825598144,-1.0171198255981437
2017-02-07 01:00:00,56.0,58.01123319945087,-2.0112331994508708
2017-02-07 02:00:00,68.0,70.7611309005532,-2.761130900553198
2017-02-07 03:00:00,70.0,73.29834839994164,-3.298348399941645
2017-02-07 04:00:00,67.0,69.45830552133727,-2.458305521337266
2017-02-07 05:00:00,66.0,68.36207343431842,-2.362073434318418
2017-02-07 06:00:00,70.0,71.18424589444136,-1.1842458944413607
2017-02-07 07:00:00,69.0,72.72535749953668,-3.7253574995366847
2017-02-07 08:00:00,76.0,79.03296920232525,-3.0329692023252477
2017-02-07 09:00:00,78.0,81.21790426098583,-3.217904260985833
2017-02-07 10:00:00,90.0,94.01755916523989,-4.017559165239888
2017-02-07 11:00:00,73.0,73.09040666799383,-0.09040666799383246
2017-02-07 12:00:00,40.0,43.51474491709982,-3.5147449170998186
2017-02-07 13:00:00,38.0,40.22614661958556,-2.2261466195855633
2017-02-07 14:00:00,45.0,47.85950073970767,-2.85950073970767
2017-02-07 15:00:00,59.0,61.87644536634092,-2.876445366340917
2017-02-07 16:00:00,88.0,91.26640541880299,-3.2664054188029894
2017-02-07 17:00:00,101.0,104.15263978031261,-3.1526397803126116
2017-02-07 18:00:00,110.0,113.89190049437808,-3.8919004943780777
2017-02-07 19:00:00,110.0,115.0150242465062,-5.015024246506201
2017-02-07 20:00:00,118.0,121.73986954404641,-3.739869544046414
2017-02-07 21:00:00,107.0,111.82991943550384,-4.8299194355038395
2017-02-07 22:00:00,106.0,113.45088157884281,-7.450881578842811
2017-02-07 23:00:00,114.0,121.24318667279609,-7.243186672796085
2017-02-08 00:00:00,113.0,114.83509573112583,-1.8350957311258327
2017-02-08 01:00:00,117.0,118.60360221505682,-1.6036022150568243
2017-02-08 02:00:00,118.0,118.220612700963,-0.22061270096300234
2017-02-08 03:00:00,118.0,117.99667100437956,0.0033289956204356486
2017-02-08 04:00:00,111.0,111.75800063903064,-0.7580006390306409
2017-02-08 05:00:00,102.0,101.22158510053778,0.77841489946222
2017-02-08 06:00:00,63.0,63.60818720799482,-0.608187207994817
2017-02-08 07:00:00,10.0,12.986504435387374,-2.986504435387374
2017-02-08 08:00:00,8.0,9.597408465599699,-1.597408465599699
2017-02-08 09:00:00,9.0,6.500115109486174,2.499884890513826
2017-02-08 10:00:00,12.0,10.075292382848133,1.9247076171518671
2017-02-08 11:00:00,10.0,8.571362991806438,1.4286370081935615
2017-02-08 12:00:00,7.0,5.039612295882506,1.960387704117494
2017-02-08 13:00:00,14.0,12.277064987417802,1.722935012582198
2017-02-08 14:00:00,12.0,8.9948702845589,3.0051297154411003
2017-02-08 15:00:00,7.0,5.716923365941128,1.2830766340588724
2017-02-08 16:00:00,14.0,10.542660761022361,3.4573392389776387
2017-02-08 17:00:00,11.0,7.902297447430897,3.0977025525691033
2017-02-08 18:00:00,6.0,6.80337587213937,-0.8033758721393696
2017-02-08 19:00:00,8.0,9.196579324399039,-1.196579324399039
2017-02-08 20:00:00,9.0,9.745038950279138,-0.7450389502791381
2017-02-08 21:00:00,6.0,7.311603233027313,-1.3116032330273129
2017-02-08 22:00:00,9.0,12.65660980374058,-3.6566098037405794
2017-02-08 23:00:00,8.0,11.870765904192055,-3.870765904192055
2017-02-09 00:00:00,10.0,9.017666025333583,0.9823339746664175
2017-02-09 01:00:00,6.0,5.400745913930734,0.5992540860692657
2017-02-09 04:00:00,8.0,5.881658260297797,2.1183417397022026
2017-02-09 05:00:00,6.0,5.120187853446964,0.8798121465530357
2017-02-09 06:00:00,4.0,3.8983476301953033,0.10165236980469672
2017-02-09 07:00:00,7.0,5.172385309817784,1.827614690182216
2017-02-09 08:00:00,6.0,5.965376918464415,0.03462308153558524
2017-02-09 09:00:00,7.0,4.970361615745816,2.0296383842541843
2017-02-09 10:00:00,6.0,3.9010416128189576,2.0989583871810424
2017-02-09 11:00:00,4.0,1.2928709760256538,2.707129023974346
2017-02-09 12:00:00,8.0,3.324696876430494,4.675303123569506
2017-02-09 13:00:00,7.0,4.146979746908983,2.8530202530910174
2017-02-09 14:00:00,11.0,7.8211953343401035,3.1788046656598965
2017-02-09 15:00:00,11.0,8.889359300155476,2.1106406998445237
2017-02-09 16:00:00,8.0,5.848845460890971,2.1511545391090294
2017-02-09 17:00:00,4.0,2.5860724705272276,1.4139275294727724
2017-02-09 19:00:00,7.0,7.308223910975585,-0.30822391097558466
2017-02-09 20:00:00,7.0,8.153406439169828,-1.153406439169828
2017-02-09 21:00:00,8.0,11.352880118248834,-3.3528801182488337
2017-02-09 22:00:00,8.0,9.058748854943929,-1.0587488549439286
2017-02-09 23:00:00,6.0,8.816853179012341,-2.816853179012341
2017-02-10 00:00:00,5.0,2.4341541190118647,2.5658458809881353
2017-02-10 01:00:00,8.0,4.431180945831699,3.5688190541683014
2017-02-10 02:00:00,4.0,2.8125324350361183,1.1874675649638817
2017-02-10 03:00:00,8.0,4.689814368514718,3.3101856314852824
2017-02-10 04:00:00,4.0,2.2969099838298632,1.7030900161701368
2017-02-10 05:00:00,5.0,2.9292356714834966,2.0707643285165034
2017-02-10 06:00:00,3.0,0.7478791374809504,2.2521208625190496
2017-02-10 07:00:00,7.0,5.73515673886881,1.2648432611311904
2017-02-10 08:00:00,6.0,4.277784483742991,1.722215516257009
2017-02-10 09:00:00,7.0,5.88183615723581,1.11816384276419
2017-02-10 10:00:00,10.0,7.446079710317022,2.553920289682978
2017-02-10 11:00:00,9.0,5.55109733190281,3.4489026680971904
2017-02-10 12:00:00,5.0,2.55209382846688,2.44790617153312
2017-02-10 13:00:00,9.0,6.945831847140255,2.054168152859745
2017-02-10 14:00:00,7.0,4.996122957994444,2.0038770420055556
2017-02-10 15:00:00,6.0,4.006195865221116,1.993804134778884
2017-02-10 16:00:00,9.0,5.9836997095934805,3.0163002904065195
2017-02-10 17:00:00,6.0,5.112669638575696,0.8873303614243042
2017-02-10 18:00:00,8.0,9.72272237256081,-1.7227223725608098
2017-02-10 19:00:00,6.0,8.469627978916307,-2.469627978916307
2017-02-10 20:00:00,9.0,12.181242763029886,-3.1812427630298856
2017-02-10 21:00:00,7.0,10.647670833629775,-3.6476708336297747
2017-02-10 22:00:00,8.0,13.142157432990757,-5.142157432990757
2017-02-10 23:00:00,13.0,16.737919310750172,-3.737919310750172
2017-02-11 00:00:00,9.0,7.6924071265398055,1.3075928734601945
2017-02-11 01:00:00,12.0,14.603920049487854,-2.6039200494878543
2017-02-11 02:00:00,11.0,11.456869013436702,-0.4568690134367017
2017-02-11 03:00:00,11.0,12.448476722946651,-1.4484767229466513
2017-02-11 04:00:00,19.0,20.148510877868404,-1.1485108778684037
2017-02-11 05:00:00,18.0,23.318829203363094,-5.318829203363094
2017-02-11 06:00:00,15.0,20.23060365725408,-5.230603657254079
2017-02-11 07:00:00,11.0,15.453831078405585,-4.453831078405585
2017-02-11 08:00:00,13.0,18.849665140161633,-5.849665140161633
2017-02-11 09:00:00,22.0,26.368786635563765,-4.368786635563765
2017-02-11 10:00:00,19.0,20.865604253686683,-1.8656042536866835
2017-02-11 11:00:00,17.0,17.678666747515678,-0.6786667475156776
2017-02-11 12:00:00,14.0,12.226146546028048,1.7738534539719524
2017-02-11 13:00:00,10.0,10.356031658182218,-0.3560316581822178
2017-02-11 14:00:00,3.0,2.3010462451828886,0.6989537548171114
2017-02-11 15:00:00,14.0,12.597772686785405,1.4022273132145955
2017-02-11 16:00:00,13.0,13.556022810085594,-0.5560228100855937
2017-02-11 17:00:00,30.0,30.825160356040655,-0.8251603560406551
2017-02-11 18:00:00,49.0,50.724202827259134,-1.724202827259134
2017-02-11 19:00:00,56.0,59.4382399182047,-3.438239918204701
2017-02-11 20:00:00,90.0,95.50812480385211,-5.5081248038521124
2017-02-11 21:00:00,139.0,143.77624542085363,-4.776245420853627
2017-02-11 22:00:00,185.0,189.82977394720905,-4.829773947209048
2017-02-11 23:00:00,237.0,237.77550768617283,-0.7755076861728298
2017-02-12 00:00:00,220.0,217.90118198019383,2.098818019806174
2017-02-12 01:00:00,214.0,208.6185110776476,5.381488922352389
2017-02-12 02:00:00,113.0,112.16277667144378,0.8372233285562203
2017-02-12 03:00:00,101.0,100.22109650135748,0.7789034986425207
2017-02-12 04:00:00,46.0,48.00545827459902,-2.0054582745990217
2017-02-12 05:00:00,31.0,33.004434394092385,-2.004434394092385
2017-02-12 06:00:00,30.0,32.66921853387932,-2.6692185338793166
2017-02-12 07:00:00,44.0,49.705678696640575,-5.705678696640575
2017-02-12 08:00:00,60.0,63.98831601948062,-3.988316019480621
2017-02-12 09:00:00,69.0,72.42099917400022,-3.4209991740002152
2017-02-12 10:00:00,93.0,97.29123593947416,-4.291235939474163
2017-02-12 11:00:00,126.0,128.1190176905962,-2.119017690596195
2017-02-12 12:00:00,118.0,119.90100911897913,-1.9010091189791325
2017-02-12 13:00:00,116.0,117.02223816364783,-1.0222381636478275
2017-02-12 14:00:00,114.0,114.17511883059016,-0.17511883059016498
2017-02-12 15:00:00,98.0,99.07551865860633,-1.0755186586063274
2017-02-12 16:00:00,109.0,110.00970722265872,-1.0097072226587187
2017-02-12 17:00:00,97.0,98.85917542730103,-1.8591754273010253
2017-02-12 18:00:00,107.0,111.22025929843788,-4.220259298437881
2017-02-12 19:00:00,113.0,117.95800315425775,-4.958003154257753
2017-02-12 20:00:00,102.0,107.95586806269789,-5.955868062697888
2017-02-12 21:00:00,122.0,127.94043712817738,-5.940437128177379
2017-02-12 22:00:00,129.0,137.05242031651164,-8.052420316511643
2017-02-12 23:00:00,135.0,143.27425709789753,-8.274257097897532
2017-02-13 00:00:00,151.0,153.6811166864407,-2.681116686440703
2017-02-13 01:00:00,191.0,191.68460376480044,-0.6846037648004426
2017-02-13 02:00:00,198.0,197.92951531941924,0.07048468058076196
2017-02-13 03:00:00,198.0,196.89939000207744,1.100609997922561
2017-02-13 04:00:00,178.0,176.9736148275137,1.0263851724863002
2017-02-13 05:00:00,131.0,132.52117045055678,-1.521170450556781
2017-02-13 06:00:00,134.0,135.1296859030886,-1.129685903088614
2017-02-13 07:00:00,119.0,120.92435793356843,-1.9243579335684302
2017-02-13 08:00:00,73.0,75.50876804575658,-2.5087680457565824
2017-02-13 09:00:00,72.0,73.26452793751007,-1.264527937510067
2017-02-13 10:00:00,65.0,65.65268660819915,-0.6526866081991471
2017-02-13 11:00:00,45.0,45.34071900743305,-0.3407190074330515
2017-02-13 12:00:00,29.0,28.924441213729878,0.07555878627012191
2017-02-13 13:00:00,15.0,14.96356527771816,0.03643472228183953
2017-02-13 14:00:00,14.0,14.422671821610024,-0.4226718216100238
2017-02-13 15:00:00,16.0,15.503263992257317,0.4967360077426832
2017-02-13 16:00:00,18.0,18.271890701982258,-0.27189070198225807
2017-02-13 17:00:00,21.0,22.796453866787644,-1.796453866787644
2017-02-13 18:00:00,24.0,28.111767686639553,-4.111767686639553
2017-02-13 19:00:00,24.0,32.14569930277749,-8.145699302777487
2017-02-13 20:00:00,89.0,96.68062195982678,-7.68062195982678
2017-02-13 21:00:00,101.0,106.89174871841176,-5.891748718411762
2017-02-13 22:00:00,144.0,149.1451173785374,-5.145117378537407
2017-02-13 23:00:00,180.0,183.21879876040828,-3.2187987604082764
2017-02-14 00:00:00,159.0,157.54351679554577,1.45648320445423
2017-02-14 01:00:00,137.0,135.2733689193497,1.726631080650293
2017-02-14 02:00:00,144.0,145.61655693820643,-1.616556938206429
2017-02-14 03:00:00,149.0,150.5924521034883,-1.5924521034883128
2017-02-14 04:00:00,148.0,149.09754076320866,-1.0975407632086558
2017-02-14 05:00:00,148.0,148.33189109388002,-0.33189109388001725
2017-02-14 06:00:00,139.0,141.97947704481294,-2.9794770448129384
2017-02-14 07:00:00,151.0,151.25965110724223,-0.2596511072422345
2017-02-14 08:00:00,148.0,149.24248010667873,-1.2424801066787268
2017-02-14 09:00:00,140.0,141.5200154535911,-1.5200154535910997
2017-02-14 10:00:00,149.0,149.62127852353848,-0.6212785235384786
2017-02-14 11:00:00,170.0,170.09474316251618,-0.0947431625161812
2017-02-14 12:00:00,196.0,194.66122043598995,1.3387795640100535
2017-02-14 13:00:00,198.0,196.9660259227265,1.0339740772735126
2017-02-14 14:00:00,215.0,213.41165007820143,1.5883499217985673
2017-02-14 15:00:00,213.0,211.87408459081348,1.1259154091865184
2017-02-14 16:00:00,214.0,212.4269413477963,1.5730586522037129
2017-02-14 17:00:00,210.0,208.71579647287894,1.2842035271210648
2017-02-14 18:00:00,205.0,205.56172525125652,-0.5617252512565187
2017-02-14 19:00:00,210.0,210.30117258536495,-0.3011725853649523
2017-02-14 20:00:00,211.0,212.51644470295997,-1.5164447029599728
2017-02-14 21:00:00,227.0,228.62006310589362,-1.620063105893621
2017-02-14 22:00:00,247.0,247.784493604335,-0.7844936043350117
2017-02-14 23:00:00,260.0,261.07889932038165,-1.0788993203816517
2017-02-15 00:00:00,277.0,272.57683921673396,4.423160783266042
2017-02-15 01:00:00,261.0,256.5126783976425,4.487321602357497
2017-02-15 02:00:00,244.0,240.23128948255533,3.7687105174446742
2017-02-15 03:00:00,236.0,230.50830408433194,5.4916959156680605
2017-02-15 04:00:00,225.0,221.06573231725707,3.9342676827429273
2017-02-15 05:00:00,240.0,234.82640304876634,5.173596951233662
2017-02-15 06:00:00,241.0,236.50167660517695,4.498323394823046
2017-02-15 07:00:00,230.0,225.0426499164791,4.9573500835209074
2017-02-15 08:00:00,232.0,226.9095060693819,5.090493930618095
2017-02-15 09:00:00,234.0,227.76490144442784,6.235098555572165
2017-02-15 10:00:00,245.0,239.07382958887484,5.926170411125156
2017-02-15 11:00:00,249.0,244.85209123094296,4.1479087690570395
2017-02-15 12:00:00,265.0,260.0836526435048,4.91634735649518
2017-02-15 13:00:00,229.0,224.95117499188177,4.048825008118229
2017-02-15 14:00:00,3.0,13.735929547216031,-10.735929547216031
2017-02-15 15:00:00,3.0,13.281851893779361,-10.281851893779361
2017-02-15 16:00:00,173.0,163.8457358648564,9.154264135143592
2017-02-15 17:00:00,253.0,248.37706673268815,4.622933267311851
2017-02-15 18:00:00,269.0,266.31749558337157,2.682504416628433
2017-02-15 19:00:00,275.0,272.32492959633566,2.6750704036643356
2017-02-15 20:00:00,285.0,282.6742407020742,2.3257592979257993
2017-02-15 21:00:00,255.0,254.74951279077953,0.2504872092204664
2017-02-15 22:00:00,263.0,263.23464361097575,-0.23464361097575193
2017-02-15 23:00:00,276.0,275.61475070803715,0.3852492919628503
2017-02-16 00:00:00,295.0,288.6517159304857,6.348284069514307
2017-02-16 01:00:00,299.0,291.2880927781395,7.711907221860486
2017-02-16 02:00:00,285.0,277.6308602964062,7.369139703593817
2017-02-16 03:00:00,277.0,270.0450727986151,6.954927201384919
2017-02-16 04:00:00,284.0,276.40790252040665,7.592097479593349
2017-02-16 05:00:00,275.0,267.1597039268219,7.840296073178081
2017-02-16 06:00:00,270.0,262.535487140365,7.464512859635022
2017-02-16 07:00:00,270.0,260.5587920644179,9.4412079355821
2017-02-16 08:00:00,236.0,227.8384157243383,8.16158427566171
2017-02-16 09:00:00,185.0,178.7053453155283,6.294654684471709
2017-02-16 10:00:00,82.0,76.11594681341948,5.884053186580516
2017-02-16 11:00:00,41.0,38.30626109701258,2.6937389029874197
2017-02-16 12:00:00,14.0,12.096044077466232,1.9039559225337683
2017-02-16 13:00:00,15.0,12.210078850853492,2.789921149146508
2017-02-16 14:00:00,11.0,8.128958763757822,2.8710412362421778
2017-02-16 15:00:00,4.0,0.8207911548145717,3.1792088451854283
2017-02-16 16:00:00,10.0,7.7551385318997745,2.2448614681002255
2017-02-16 17:00:00,14.0,12.975321170560647,1.0246788294393525
2017-02-16 18:00:00,9.0,9.711032612091628,-0.7110326120916284
2017-02-16 19:00:00,9.0,12.151269484460641,-3.1512694844606415
2017-02-16 20:00:00,11.0,13.937452151948264,-2.937452151948264
2017-02-16 21:00:00,8.0,10.810852467447589,-2.8108524674475888
2017-02-16 22:00:00,8.0,9.077745468490207,-1.0777454684902068
2017-02-16 23:00:00,5.0,5.897517919005594,-0.897517919005594
2017-02-17 00:00:00,6.0,2.3493821135932507,3.6506178864067493
2017-02-17 01:00:00,6.0,1.6223577600369055,4.3776422399630945
2017-02-17 02:00:00,5.0,1.4597849579170088,3.540215042082991
2017-02-17 03:00:00,7.0,5.061278367181018,1.9387216328189822
2017-02-17 04:00:00,10.0,9.746512963373888,0.2534870366261117
2017-02-17 05:00:00,9.0,9.987518335372798,-0.9875183353727977
2017-02-17 06:00:00,10.0,9.707264630000225,0.29273536999977523
2017-02-17 07:00:00,9.0,9.04833522869447,-0.04833522869446938
2017-02-17 08:00:00,9.0,10.021991510376736,-1.0219915103767363
2017-02-17 09:00:00,9.0,8.59308558465382,0.4069144153461792
2017-02-17 10:00:00,8.0,5.993939817401085,2.0060601825989153
2017-02-17 11:00:00,6.0,4.239312701985881,1.760687298014119
2017-02-17 12:00:00,8.0,5.818583031648842,2.181416968351158
2017-02-17 13:00:00,8.0,4.648517920166142,3.3514820798338576
2017-02-17 14:00:00,6.0,4.907485719427754,1.0925142805722459
2017-02-17 15:00:00,7.0,5.925972940884293,1.074027059115707
2017-02-17 16:00:00,9.0,8.66908902357875,0.3309109764212508
2017-02-17 17:00:00,27.0,28.10125044782835,-1.101250447828349
2017-02-17 18:00:00,49.0,51.31632163255304,-2.3163216325530414
2017-02-17 19:00:00,64.0,65.65280381359837,-1.6528038135983678
2017-02-17 20:00:00,57.0,59.289884483035465,-2.2898844830354648
2017-02-17 21:00:00,53.0,56.554399671684976,-3.554399671684976
2017-02-17 22:00:00,52.0,54.19202659597295,-2.1920265959729477
2017-02-17 23:00:00,50.0,53.421905370930915,-3.421905370930915
2017-02-18 00:00:00,56.0,54.01102135429895,1.988978645701053
2017-02-18 01:00:00,67.0,64.9241648092681,2.075835190731894
2017-02-18 02:00:00,71.0,71.42119207700706,-0.4211920770070634
2017-02-18 03:00:00,87.0,88.11080024339718,-1.110800243397179
2017-02-18 04:00:00,80.0,81.82976376955942,-1.8297637695594204
2017-02-18 05:00:00,74.0,76.25951034409586,-2.259510344095858
2017-02-18 06:00:00,74.0,76.92752918703134,-2.9275291870313396
2017-02-18 07:00:00,71.0,72.81743324532682,-1.817433245326825
2017-02-18 08:00:00,70.0,71.92144185000613,-1.9214418500061328
2017-02-18 09:00:00,79.0,80.0896036690953,-1.0896036690952968
2017-02-18 10:00:00,75.0,76.06148446210561,-1.0614844621056108
2017-02-18 11:00:00,89.0,88.43421501828898,0.565784981711019
2017-02-18 12:00:00,94.0,93.30873597652958,0.6912640234704241
2017-02-18 13:00:00,91.0,89.87533555454296,1.124664445457043
2017-02-18 14:00:00,87.0,86.24381268214479,0.7561873178552077
2017-02-18 15:00:00,87.0,86.21872967893013,0.7812703210698686
2017-02-18 16:00:00,92.0,90.97274495684222,1.0272550431577798
2017-02-18 17:00:00,75.0,74.52843193903227,0.4715680609677264
2017-02-18 18:00:00,62.0,63.517894841029815,-1.5178948410298148
2017-02-18 19:00:00,75.0,77.32454434457414,-2.324544344574136
2017-02-18 20:00:00,90.0,92.26265869487911,-2.262658694879107
2017-02-18 21:00:00,103.0,105.5351181232199,-2.5351181232199025
2017-02-18 22:00:00,108.0,109.79673307915313,-1.7967330791531282
2017-02-18 23:00:00,123.0,126.0707074062668,-3.0707074062668056
2017-02-19 00:00:00,129.0,125.23897911447811,3.761020885521887
2017-02-19 01:00:00,134.0,131.63258021602007,2.3674197839799263
2017-02-19 02:00:00,144.0,141.39390509780543,2.6060949021945703
2017-02-19 03:00:00,161.0,156.85787519067043,4.142124809329573
2017-02-19 04:00:00,169.0,165.51600893310348,3.4839910668965217
2017-02-19 05:00:00,170.0,166.8990338580454,3.1009661419545864
2017-02-19 06:00:00,167.0,164.34405879159675,2.6559412084032488
2017-02-19 07:00:00,168.0,166.14001936498306,1.8599806350169388
2017-02-19 08:00:00,169.0,167.74551336761846,1.2544866323815427
2017-02-19 09:00:00,162.0,160.85850393453495,1.1414960654650486
2017-02-19 10:00:00,162.0,159.0280687929777,2.971931207022294
2017-02-19 11:00:00,169.0,163.92890653087267,5.071093469127334
2017-02-19 12:00:00,195.0,189.57500571941233,5.4249942805876685
2017-02-19 13:00:00,189.0,183.68117656323966,5.31882343676034
2017-02-19 14:00:00,168.0,161.49699299060876,6.50300700939124
2017-02-19 15:00:00,91.0,82.9990739652766,8.000926034723406
2017-02-19 16:00:00,17.0,14.27865272499831,2.7213472750016905
2017-02-19 17:00:00,13.0,11.704042541324412,1.2959574586755878
2017-02-19 18:00:00,7.0,3.033181149584337,3.966818850415663
2017-02-19 19:00:00,7.0,5.367879313409119,1.6321206865908806
2017-02-19 20:00:00,12.0,12.982746749489607,-0.9827467494896069
2017-02-19 21:00:00,6.0,7.920297620837545,-1.9202976208375446
2017-02-19 22:00:00,8.0,9.161601416548493,-1.1616014165484927
2017-02-19 23:00:00,5.0,5.902838675639657,-0.9028386756396571
2017-02-20 00:00:00,5.0,-0.7744644446941891,5.774464444694189
2017-02-20 01:00:00,3.0,-5.062200969804536,8.062200969804536
2017-02-20 02:00:00,6.0,0.19133328600946697,5.808666713990533
2017-02-20 03:00:00,3.0,-1.9675029120828782,4.967502912082878
2017-02-20 04:00:00,4.0,0.3428018633428991,3.657198136657101
2017-02-20 05:00:00,8.0,5.950053381556685,2.0499466184433146
2017-02-20 06:00:00,6.0,3.478445295246104,2.521554704753896
2017-02-20 07:00:00,3.0,1.1972308107747835,1.8027691892252165
2017-02-20 08:00:00,5.0,5.090365866372906,-0.09036586637290611
2017-02-20 09:00:00,3.0,1.44104560313761,1.55895439686239
2017-02-20 10:00:00,8.0,6.330032426097347,1.6699675739026532
2017-02-20 19:00:00,15.0,21.383913523872565,-6.383913523872565
2017-02-20 20:00:00,16.0,21.9068721934229,-5.906872193422899
2017-02-20 21:00:00,20.0,27.415260900033985,-7.415260900033985
2017-02-20 22:00:00,25.0,31.491929972782785,-6.491929972782785
2017-02-21 02:00:00,46.0,47.475618100270566,-1.475618100270566
2017-02-21 09:00:00,74.0,74.83044255246226,-0.8304425524622587
2017-02-21 14:00:00,42.0,46.3124479422535,-4.312447942253499
2017-02-21 15:00:00,40.0,43.79011435698837,-3.7901143569883686
2017-02-21 16:00:00,28.0,32.56088019974436,-4.560880199744361
2017-02-21 17:00:00,21.0,25.958294196215533,-4.958294196215533
2017-02-21 18:00:00,29.0,33.64979002441004,-4.649790024410038
2017-02-21 19:00:00,31.0,37.4000547180315,-6.400054718031498
2017-02-21 20:00:00,47.0,52.269285897116475,-5.269285897116475
2017-02-21 21:00:00,67.0,71.5086651964116,-4.508665196411599
2017-02-21 22:00:00,60.0,64.26176046725355,-4.261760467253552
2017-02-21 23:00:00,62.0,66.25706084387902,-4.257060843879017
2017-02-22 00:00:00,55.0,53.05236487026286,1.9476351297371366
2017-02-22 01:00:00,70.0,67.7472853166938,2.252714683306195
2017-02-22 02:00:00,81.0,77.8082785338756,3.191721466124406
2017-02-22 03:00:00,88.0,85.64813490421652,2.351865095783481
2017-02-22 04:00:00,86.0,84.24103680449964,1.7589631955003568
2017-02-22 05:00:00,86.0,85.2282500486357,0.7717499513642991
2017-02-22 06:00:00,91.0,90.50348777107452,0.4965122289254822
2017-02-22 07:00:00,95.0,94.2235620541393,0.7764379458607067
2017-02-22 08:00:00,95.0,95.48359188191863,-0.48359188191862756
2017-02-22 09:00:00,108.0,106.49102571500093,1.50897428499907
2017-02-22 10:00:00,114.0,111.66270441741524,2.3372955825847583
2017-02-22 11:00:00,131.0,128.84957694685136,2.150423053148643
2017-02-22 12:00:00,142.0,140.09940381047386,1.9005961895261407
2017-02-22 13:00:00,139.0,138.24374420427858,0.7562557957214153
2017-02-22 14:00:00,147.0,144.97276505288812,2.0272349471118787
2017-02-22 15:00:00,145.0,142.64053634790832,2.3594636520916765
2017-02-22 18:00:00,11.0,11.428503270807681,-0.42850327080768125
2017-02-22 19:00:00,10.0,13.047359610376702,-3.047359610376702
2017-02-22 20:00:00,14.0,16.976625369324267,-2.9766253693242675
2017-02-22 21:00:00,14.0,19.013223166520547,-5.013223166520547
2017-02-22 22:00:00,15.0,19.599137049948908,-4.599137049948908
2017-02-22 23:00:00,12.0,15.552981232031726,-3.552981232031726
2017-02-23 00:00:00,13.0,12.080386941653146,0.9196130583468545
2017-02-23 01:00:00,15.0,13.683418278217147,1.3165817217828533
2017-02-23 02:00:00,11.0,11.387509994072843,-0.38750999407284326
2017-02-23 03:00:00,12.0,13.604409747485391,-1.6044097474853913
2017-02-23 04:00:00,15.0,15.523673514270683,-0.5236735142706834
2017-02-23 05:00:00,13.0,15.013233938885861,-2.013233938885861
2017-02-23 06:00:00,13.0,16.358708961574493,-3.358708961574493
2017-02-23 07:00:00,11.0,16.821577250070547,-5.821577250070547
2017-02-23 08:00:00,15.0,20.53243417090006,-5.532434170900061
2017-02-23 09:00:00,12.0,14.423457277541061,-2.423457277541061
2017-02-23 10:00:00,11.0,13.135323916391059,-2.1353239163910587
2017-02-23 11:00:00,13.0,14.53272435468719,-1.5327243546871898
2017-02-23 12:00:00,13.0,14.18425615681143,-1.1842561568114292
2017-02-23 13:00:00,12.0,11.715888548061912,0.28411145193808807
2017-02-23 14:00:00,3.0,2.949858973808773,0.050141026191226956
2017-02-23 15:00:00,18.0,18.760927554436634,-0.7609275544366341
2017-02-23 16:00:00,31.0,30.36921607746416,0.6307839225358407
2017-02-23 17:00:00,23.0,24.173821402792896,-1.1738214027928962
2017-02-23 18:00:00,10.0,13.541542764404795,-3.541542764404795
2017-02-23 19:00:00,6.0,11.983579692650565,-5.983579692650565
2017-02-23 20:00:00,33.0,38.971445550955536,-5.971445550955536
2017-02-23 21:00:00,26.0,34.4415425651774,-8.4415425651774
2017-02-23 22:00:00,30.0,38.203495157557484,-8.203495157557484
2017-02-23 23:00:00,45.0,51.89690459524209,-6.896904595242091
2017-02-24 00:00:00,46.0,49.120433435718866,-3.1204334357188657
2017-02-24 01:00:00,48.0,52.52443378943407,-4.52443378943407
2017-02-24 02:00:00,36.0,42.26442199004816,-6.264421990048163
2017-02-24 03:00:00,36.0,44.811650003406754,-8.811650003406754
2017-02-24 04:00:00,28.0,35.6306024520548,-7.630602452054802
2017-02-24 05:00:00,23.0,30.883503291061146,-7.883503291061146
2017-02-24 06:00:00,16.0,23.762622611776308,-7.762622611776308
2017-02-24 07:00:00,20.0,26.350955634960172,-6.350955634960172
2017-02-24 08:00:00,20.0,26.319579872212813,-6.319579872212813
2017-02-24 09:00:00,26.0,29.16225025429563,-3.1622502542956283
2017-02-24 10:00:00,23.0,26.188002168688953,-3.1880021686889535
2017-02-24 11:00:00,22.0,23.938873886166007,-1.9388738861660073
2017-02-24 12:00:00,21.0,21.87407551111545,-0.8740755111154499
2017-02-24 13:00:00,16.0,17.53651370978207,-1.5365137097820707
2017-02-24 14:00:00,16.0,16.94826576833198,-0.9482657683319786
2017-02-24 15:00:00,18.0,18.885956973903888,-0.8859569739038875
2017-02-24 16:00:00,11.0,10.508240535622008,0.4917594643779921
2017-02-24 17:00:00,11.0,11.599277666932863,-0.5992776669328634
2017-02-24 18:00:00,9.0,10.467371515507608,-1.4673715155076081
2017-02-24 19:00:00,11.0,13.733824348642244,-2.733824348642244
2017-02-24 20:00:00,10.0,14.217530269612922,-4.217530269612922
2017-02-24 21:00:00,14.0,20.080277728835554,-6.080277728835554
2017-02-24 22:00:00,18.0,25.70000447441052,-7.70000447441052
2017-02-24 23:00:00,18.0,27.365922636847728,-9.365922636847728
2017-02-25 00:00:00,12.0,13.184395813977886,-1.1843958139778863
2017-02-25 01:00:00,7.0,8.912942131611217,-1.9129421316112172
2017-02-25 02:00:00,11.0,13.231003967909402,-2.231003967909402
2017-02-25 03:00:00,7.0,9.303889970340407,-2.303889970340407
2017-02-25 04:00:00,13.0,15.948513890878246,-2.948513890878246
2017-02-25 05:00:00,13.0,16.099683627831965,-3.099683627831965
2017-02-25 06:00:00,3.0,9.926032261930246,-6.926032261930246
2017-02-25 07:00:00,11.0,18.355202630923344,-7.355202630923344
2017-02-25 08:00:00,5.0,11.311117753531846,-6.311117753531846
2017-02-25 09:00:00,7.0,10.209467925596172,-3.209467925596172
2017-02-25 10:00:00,17.0,17.85636415452238,-0.8563641545223817
2017-02-25 11:00:00,9.0,8.826761106890018,0.17323889310998197
2017-02-25 12:00:00,12.0,10.876050047597502,1.1239499524024978
2017-02-25 13:00:00,7.0,4.685070096457494,2.314929903542506
2017-02-25 14:00:00,10.0,8.300077280685812,1.6999227193141877
2017-02-25 15:00:00,8.0,6.753839602608849,1.2461603973911508
2017-02-25 16:00:00,9.0,7.538069249278692,1.461930750721308
2017-02-25 17:00:00,11.0,11.752554031556613,-0.7525540315566133
2017-02-25 18:00:00,14.0,14.560631464764242,-0.5606314647642421
2017-02-25 19:00:00,14.0,19.227621800321714,-5.227621800321714
2017-02-25 20:00:00,17.0,20.780792556320066,-3.7807925563200655
2017-02-25 21:00:00,12.0,17.55423443727355,-5.55423443727355
2017-02-25 22:00:00,25.0,30.716662611752994,-5.716662611752994
2017-02-25 23:00:00,15.0,22.720370896033856,-7.720370896033856
2017-02-26 00:00:00,24.0,25.878533214848375,-1.8785332148483747
2017-02-26 01:00:00,22.0,25.115483946637227,-3.1154839466372266
2017-02-26 02:00:00,19.0,22.094826711203993,-3.094826711203993
2017-02-26 03:00:00,18.0,24.30816362496634,-6.30816362496634
2017-02-26 04:00:00,18.0,25.163792681499856,-7.1637926814998565
2017-02-26 05:00:00,25.0,31.430835690766756,-6.430835690766756
2017-02-26 06:00:00,30.0,36.26325326976374,-6.263253269763737
2017-02-26 07:00:00,32.0,39.5369724214993,-7.5369724214993
2017-02-26 08:00:00,30.0,35.195289789531486,-5.195289789531486
2017-02-26 09:00:00,19.0,22.56752413142742,-3.567524131427419
2017-02-26 10:00:00,20.0,23.609086082602502,-3.609086082602502
2017-02-26 11:00:00,31.0,33.7589625328597,-2.758962532859698
2017-02-26 12:00:00,26.0,27.76940520956508,-1.769405209565079
2017-02-26 13:00:00,23.0,25.18163745616485,-2.18163745616485
2017-02-26 14:00:00,24.0,25.72235596559176,-1.7223559655917597
2017-02-26 15:00:00,24.0,25.19676335880871,-1.1967633588087097
2017-02-26 16:00:00,26.0,27.08431438170335,-1.0843143817033507
2017-02-26 17:00:00,29.0,30.12882224215025,-1.1288222421502496
2017-02-26 18:00:00,30.0,31.440314126769508,-1.4403141267695077
2017-02-26 19:00:00,30.0,33.03004492725806,-3.0300449272580607
2017-02-26 20:00:00,36.0,40.432394613492576,-4.432394613492576
2017-02-26 21:00:00,42.0,47.355468022407564,-5.355468022407564
2017-02-26 22:00:00,51.0,57.34407322415176,-6.344073224151757
2017-02-26 23:00:00,46.0,53.77345595378954,-7.7734559537895365
2017-02-27 00:00:00,38.0,42.906603485503496,-4.906603485503496
2017-02-27 01:00:00,55.0,59.31341759396692,-4.313417593966918
2017-02-27 02:00:00,77.0,80.4548480498092,-3.4548480498092005
2017-02-27 03:00:00,85.0,87.44101040975839,-2.441010409758391
2017-02-27 04:00:00,94.0,96.41001599688273,-2.410015996882734
2017-02-27 05:00:00,96.0,97.00449716087299,-1.0044971608729867
2017-02-27 06:00:00,80.0,82.78594982746624,-2.78594982746624
2017-02-27 07:00:00,73.0,76.12154479114069,-3.1215447911406926
2017-02-27 08:00:00,61.0,65.17589929487663,-4.175899294876629
2017-02-27 09:00:00,52.0,54.72364618174005,-2.723646181740051
2017-02-27 10:00:00,89.0,92.00577595579865,-3.0057759557986543
2017-02-27 14:00:00,103.0,105.25931936388584,-2.2593193638858367
2017-02-27 15:00:00,95.0,95.33316015042168,-0.33316015042167635
2017-02-27 16:00:00,75.0,73.43371735414136,1.5662826458586352
2017-02-27 17:00:00,58.0,58.33447077845024,-0.334470778450239
2017-02-27 18:00:00,47.0,49.14054094725627,-2.1405409472562695
2017-02-27 19:00:00,51.0,56.84150451802735,-5.8415045180273495
2017-02-27 20:00:00,51.0,57.50502135907088,-6.505021359070881
2017-02-27 21:00:00,53.0,59.29120890288114,-6.291208902881138
2017-02-27 22:00:00,58.0,65.71204027077583,-7.71204027077583
2017-02-27 23:00:00,70.0,78.28981604164302,-8.289816041643022
2017-02-28 00:00:00,56.0,57.520684831640935,-1.520684831640935
2017-02-28 01:00:00,15.0,15.317336798324561,-0.3173367983245612
2017-02-28 02:00:00,9.0,9.578334797500474,-0.5783347975004745
2017-02-28 03:00:00,7.0,8.798201330785588,-1.798201330785588
2017-02-28 04:00:00,13.0,13.960565827713339,-0.9605658277133386
2017-02-28 05:00:00,12.0,13.431849928741102,-1.4318499287411015
2017-02-28 06:00:00,9.0,7.878600402256197,1.1213995977438032
2017-02-28 07:00:00,11.0,11.812272642063476,-0.8122726420634763
2017-02-28 08:00:00,13.0,15.674436030479725,-2.6744360304797254
2017-02-28 09:00:00,12.0,12.988107839244762,-0.988107839244762
2017-02-28 10:00:00,11.0,10.216221374658431,0.7837786253415686
2017-02-28 11:00:00,7.0,4.555144657293127,2.444855342706873
2017-02-28 12:00:00,6.0,3.561657853448807,2.438342146551193
2017-02-28 13:00:00,6.0,3.8205054229030537,2.1794945770969463
2017-02-28 14:00:00,5.0,1.9006589961154816,3.0993410038845184
2017-02-28 15:00:00,6.0,3.9044109776575198,2.0955890223424802
2017-02-28 16:00:00,12.0,11.001019026245999,0.9989809737540014
2017-02-28 17:00:00,12.0,10.69968887513265,1.3003111248673491
2017-02-28 18:00:00,13.0,14.516113630085599,-1.5161136300855986
2017-02-28 19:00:00,12.0,13.372938857513674,-1.3729388575136738
2017-02-28 20:00:00,13.0,17.452602039103567,-4.452602039103567
2017-02-28 21:00:00,16.0,21.840547027052395,-5.840547027052395
2017-02-28 22:00:00,21.0,27.983471648263986,-6.983471648263986
